class,subclass,r_id,r_name,classification_notes,additional_info,link
Association,Causal,Caused by,Caused by (SNOMED),"Relates conditions to their biological, pathological, or environmental causes.",,
Association,Causal,Causes,Causes (SNOMED),"Relates conditions to their biological, pathological, or environmental causes.",,
Association,Causal,Etiology of,Etiology of (SNOMED),"Relates conditions to their biological, pathological, or environmental causes.",,
Association,Diagnostic,Diagnosed through,Diagnosed through (NDF-RT),"Links evidence, tests, variants, or clinical findings to support diagnostic reasoning. Example: [Alkalosis] -> [NITRAZINE (pH) TEST STRIP]",,
Association,Diagnostic,May diagnose,May diagnose (NDF-RT),"Links evidence, tests, variants, or clinical findings to support diagnostic reasoning. Example: [ASSURE PRISM MULTI (GLUCOSE) TEST STRIP] -> [Diabetes Mellitus]",,
Association,Interaction,Drug-drug inter for,Drug-drug interaction for (NDF),Defines safety or therapeutic interference between agents.,,
Association,Interaction,Has drug-drug inter,Is involved in drug-drug interaction (NDF),Defines safety or therapeutic interference between agents.,,
Association,Mechanistic,CI MoA of,Contraindicating mechanism of action of (NDF-RT),"Links substances to functional biological pathways or mechanisms. Example: [Estrogen Receptor Agonists] -> [NEVIRAPINE 200MG TAB,UD]",,
Association,Therapeutic,Has CI MoA,Has contraindicating mechanism of action (NDF-RT),"Links therapeutic interventions to clinical indications or contraindications. Example: [SUMATRIPTAN SUCCINATE 3MG/0.5ML INJ,PEN,0.5ML] -> [Monoamine Oxidase Inhibitors]",,
Association,Mechanistic,Has MoA,Has mechanism of action (NDF-RT),"Links substances to functional biological pathways or mechanisms. Example: [HYDROGEN PEROXIDE 3% SPRAY,TOP] -> [Unknown Cellular or Molecular Interaction]",,
Association,Causal,Induced by,Induced by (NDF-RT),"Relates conditions to their biological, pathological, or environmental causes. Example: [Abortion, Spontaneous] -> [NORGESTREL 0.075MG TAB]",,
Association,Causal,Induces,Induces (NDF-RT),"Relates conditions to their biological, pathological, or environmental causes. Example: [ASCORBIC ACID 1GM TAB,UD] -> [Hyperoxaluria]",,
Association,Mechanistic,MoA of,Mechanism of action of (NDF-RT),"Links substances to functional biological pathways or mechanisms. Example: [Interleukin-12 Antagonists] -> [USTEKINUMAB 5MG/ML INJ,SOLN,26ML]",,
Association,Therapeutic,May be treated by,May be treated by (NDF-RT),"Links therapeutic interventions to clinical indications or contraindications. Example: [Tardive Dyskinesia] -> [VALBENAZINE 80MG CAP,ORAL]",,
Association,Therapeutic,May treat,May treat (NDF-RT),"Links therapeutic interventions to clinical indications or contraindications. Example: [HYDROGEN PEROXIDE 3% SPRAY,TOP] -> [Surgical Wound Infection]",,
Attribute,Temporal,Dev intended site of,Device intended site of (SNOMED),"Qualifies clinical events by their timing, sequence, or duration. Example: [Structure of lower thoracic esophagus] -> [Lower esophageal electrical stimulation system lead]",Represents the site where the device is intended to reside in or on the body.,https://docs.snomed.org/education/snomed-ct-education-editorial-guide/readme/authoring/domain-specific-modeling/physical-object/physical-object-defining-attributes#has-device-intended-site
Attribute,Anatomical,Dir morph of,Direct morphology of (SNOMED),"Defines a physical/structural abnormality at the cellular or tissue level. Example: [Benign neurofibroma] -> [Excision of neurofibroma, extensive]",Direct morphology (attribute) describes the morphologically abnormal structure that is the direct object of the Method action.,https://docs.snomed.org/education/snomed-ct-education-editorial-guide/readme/authoring/domain-specific-modeling/procedure/procedure-defining-attributes/index#direct-morphology
Association,Diagnostic,Dir proc site of,Direct procedure site of (SNOMED),"Links evidence, tests, variants, or clinical findings to support diagnostic reasoning. Example: [Structure of part of left hand] -> [Partial amputation of left hand]","is used when the action of the procedure is directly aimed at anatomical or acquired body structure or site, rather than something else located there",https://docs.snomed.org/education/snomed-ct-education-editorial-guide/readme/authoring/domain-specific-modeling/procedure/procedure-defining-attributes/index#procedure-site-direct
Attribute,Anatomical,Direct site of,Direct site of (SNOMED),"Spatial qualifier describing location, morphology, or extent. Example: [Tissue specimen from penis obtained by excision] -> [Surgical margin involved by noninvasive premalignant neoplasm of penis in excised tissue specimen]",,
Association,Diagnostic,Finding site of,Finding site of (SNOMED),Links diagnostic evidence or tests to a clinical concept/state. Example: [Entire right fibula] -> [Longitudinal deficiency of bilateral fibulae],Specifies the body site affected by a condition.,https://docs.snomed.org/education/snomed-ct-education-editorial-guide/readme/authoring/domain-specific-modeling/clinical-finding-and-disorder/clinical-finding-defining-attributes#finding-site
Attribute,Anatomical,Has asso morph,Has associated morphology (SNOMED),Defines a physical/structural abnormality at the cellular or tissue level. Example: [Neoplasm of uncertain behavior of larynx] -> [Neoplasm of uncertain behavior],specifies the morphologic changes seen at the tissue or cellular level that are characteristic of a disease.,https://docs.snomed.org/education/snomed-ct-education-editorial-guide/readme/authoring/domain-specific-modeling/clinical-finding-and-disorder/clinical-finding-defining-attributes#associated-morphology
Association,Administrative,Has asso visit,Has associated visit (OMOP),"Operational link for system billing, metadata, dictionaries, or encounter tracking. Example: [Remote physiologic monitoring treatment management services, clinical staff/physician/other qualified health care professional time in a calendar month requiring interactive communication with the patient/caregiver during the month; each additional 20...] -> [Telehealth Provided Other than in Patient’s Home]",,https://github.com/OHDSI/Vocabulary-v5.0/wiki/Vocab.-HCPCS#hcpcs-to-visit-relationships
Attribute,Temporal,Has dev intend site,Has device intended site (SNOMED),"Qualifies clinical events by their timing, sequence, or duration. Example: [Neonatal indwelling urethral drainage catheter] -> [Structure of genitourinary system]",Represents the site where the device is intended to reside in or on the body.,https://docs.snomed.org/education/snomed-ct-education-editorial-guide/readme/authoring/domain-specific-modeling/physical-object/physical-object-defining-attributes#has-device-intended-site
Attribute,Anatomical,Has dir morph,Has direct morphology (SNOMED),Defines a physical/structural abnormality at the cellular or tissue level. Example: [Primary open reduction of fracture of short bone and fixation using screw] -> [Fracture],Direct morphology (attribute) describes the morphologically abnormal structure that is the direct object of the Method action.,https://docs.snomed.org/education/snomed-ct-education-editorial-guide/readme/authoring/domain-specific-modeling/procedure/procedure-defining-attributes/index#direct-morphology
Association,Diagnostic,Has dir proc site,Has direct procedure site (SNOMED),"Links evidence, tests, variants, or clinical findings to support diagnostic reasoning. Example: [Tc-99 MIBI (technetium 99m methoxyisobutylisonitrile) parathyroid subtraction study] -> [Parathyroid structure]","is used when the action of the procedure is directly aimed at anatomical or acquired body structure or site, rather than something else located there",https://docs.snomed.org/education/snomed-ct-education-editorial-guide/readme/authoring/domain-specific-modeling/procedure/procedure-defining-attributes/index#procedure-site-direct
Attribute,Anatomical,Has direct site,Has direct site (SNOMED),"Spatial qualifier describing location, morphology, or extent. Example: [Length of primary malignant neoplasm of prostate in resected prostate specimen] -> [Resected prostate specimen]",,
Association,Diagnostic,Has finding site,Has finding site (SNOMED),Links diagnostic evidence or tests to a clinical concept/state. Example: [Neoplasm of uncertain behavior of larynx] -> [Laryngeal structure],,https://docs.snomed.org/education/snomed-ct-education-editorial-guide/readme/authoring/domain-specific-modeling/clinical-finding-and-disorder/clinical-finding-defining-attributes#finding-site
Attribute,Anatomical,Has indir morph,Has indirect morphology (SNOMED),Defines a physical/structural abnormality at the cellular or tissue level. Example: [Drainage of abscess using computed tomography guidance] -> [Abscess morphology],,
Association,Diagnostic,Has indir proc site,Has indirect procedure site (SNOMED),"Links evidence, tests, variants, or clinical findings to support diagnostic reasoning. Example: [Total removal of prosthetic material from previous repair of vaginal prolapse] -> [Vaginal structure]",,
Attribute,Temporal,Has intended site,Has dose form intended site (SNOMED),"Qualifies clinical events by their timing, sequence, or duration. Example: [Conventional release oral pellets in capsule] -> [Oral]",,
Attribute,Anatomical,Has morphology,Has Morphology (SNOMED),Defines a physical/structural abnormality at the cellular or tissue level.,,
Attribute,Anatomical,Has proc morph,Has procedure morphology (SNOMED),Defines a physical/structural abnormality at the cellular or tissue level. Example: [Endovenous mechanochemical ablation of varicose vein of lower limb] -> [Varix],"Procedure morphology (attribute) is used to specify the morphology, or abnormal structure, involved in a procedure. It is used when defining general concepts that subsume direct and indirect morphology. It subsumes the more specific attributes, Direct and Indirect Morphology. These should be used, if possible.

",https://docs.snomed.org/education/snomed-ct-education-editorial-guide/readme/authoring/domain-specific-modeling/procedure/procedure-defining-attributes/index#procedure-morphology
Association,Diagnostic,Has proc site,Has procedure site (SNOMED),"Links evidence, tests, variants, or clinical findings to support diagnostic reasoning. Example: [Introduction of vaginal tape] -> [Vaginal structure]",,
Attribute,Anatomical,Has specimen morph,Has specimen source morphology (SNOMED),Defines a physical/structural abnormality at the cellular or tissue level. Example: [Swab from bite wound] -> [Bite wound],Specifies the morphologic abnormality from which a specimen is obtained.,https://docs.snomed.org/education/snomed-ct-education-editorial-guide/readme/authoring/domain-specific-modeling/specimen/specimen-defining-attributes#specimen-source-morphology
Attribute,Anatomical,Indir morph of,Indirect morphology of (SNOMED),Defines a physical/structural abnormality at the cellular or tissue level. Example: [Cyst] -> [Aspiration of cyst of thyroid using ultrasonographic guidance],,
Association,Diagnostic,Indir proc site of,Indirect procedure site of (SNOMED),"Links evidence, tests, variants, or clinical findings to support diagnostic reasoning. Example: [Vertebral column region] -> [Insertion of neurostimulator electrodes into the spinal cord]","specifies the anatomical location but is not the direct focus of the procedure. The direct object of the action may be a device, a substance, or a morphologic abnormality that is not a part of the tissue structure of the anatomical site in which it is located, such as a calculus, thrombus, or foreign body.",https://docs.snomed.org/education/snomed-ct-education-editorial-guide/readme/authoring/domain-specific-modeling/procedure/procedure-defining-attributes/index#procedure-site-indirect
Attribute,Temporal,Intended site of,Dose form intended site of (SNOMED),"Qualifies clinical events by their timing, sequence, or duration. Example: [Intravitreal] -> [Prolonged-release intravitreal implant]",,
Attribute,Anatomical,Morphology of,Morphology of (SNOMED),Defines a physical/structural abnormality at the cellular or tissue level.,,
Attribute,Anatomical,Proc morph of,Procedure morphology of (SNOMED),Defines a physical/structural abnormality at the cellular or tissue level. Example: [Cyst] -> [Operation on cyst of epididymis],"Procedure morphology (attribute) is used to specify the morphology, or abnormal structure, involved in a procedure. It is used when defining general concepts that subsume direct and indirect morphology. It subsumes the more specific attributes, Direct and Indirect Morphology. These should be used, if possible.

",https://docs.snomed.org/education/snomed-ct-education-editorial-guide/readme/authoring/domain-specific-modeling/procedure/procedure-defining-attributes/index#procedure-morphology
Association,Diagnostic,Proc site of,Procedure site of (SNOMED),"Links evidence, tests, variants, or clinical findings to support diagnostic reasoning. Example: [Vertebral column region] -> [Implantation of intrathecal drug delivery device adjacent to spinal cord]",,
Association,Administrative,Question source of,Question source of,"Operational link for system billing, metadata, dictionaries, or encounter tracking. Example: [RAND American Life Panel] -> [Do you have a child(ren) that are currently enrolled in childcare centers, schools, or colleges?]",,
Attribute,Anatomical,Specimen morph of,Specimen source morphology of (SNOMED),Defines a physical/structural abnormality at the cellular or tissue level. Example: [Peritoneal dialysis catheter insertion site] -> [Body fluid specimen from peritoneal dialysis insertion site],Specifies the morphologic abnormality from which a specimen is obtained.,https://docs.snomed.org/education/snomed-ct-education-editorial-guide/readme/authoring/domain-specific-modeling/specimen/specimen-defining-attributes#specimen-source-morphology
Attribute,Anatomical,Has laterality,Has laterality (SNOMED),"Spatial qualifier describing location, morphology, or extent. Example: [Structure of flexor A4 pulley of index finger] -> [Side]",,
Attribute,Clinical,Has severity,Has severity (SNOMED),"Qualifies clinical states, statuses (e.g., severity, intent, prescribing status), or general clinical indicators. Example: [Recurrent severe manic episodes] -> [Severe]",,https://docs.snomed.org/education/snomed-ct-education-editorial-guide/readme/authoring/domain-specific-modeling/clinical-finding-and-disorder/clinical-finding-defining-attributes#severity
Attribute,Clinical,Has stage,Has Stage (SNOMED),"Qualifies clinical states, statuses (e.g., severity, intent, prescribing status), or general clinical indicators. Example: [Chronic kidney disease stage V] -> [Stage level 5]",,
Attribute,Anatomical,Laterality of,Laterality of (SNOMED),"Spatial qualifier describing location, morphology, or extent. Example: [Unilateral] -> [Harlequin syndrome]",,https://github.com/OHDSI/Vocabulary-v5.0/wiki/Vocab.-LOINC#relationships
Attribute,Clinical,Severity of,Severity of (SNOMED),"Qualifies clinical states, statuses (e.g., severity, intent, prescribing status), or general clinical indicators. Example: [Mild] -> [Mild thinness in adults]",,https://github.com/OHDSI/Vocabulary-v5.0/wiki/Vocab.-LOINC#relationships
Attribute,Clinical,Stage of,Stage of (SNOMED),"Qualifies clinical states, statuses (e.g., severity, intent, prescribing status), or general clinical indicators. Example: [Stage level 2] -> [Chronic kidney disease stage II]",,
Attribute,Context,Context of,Context of (HemOnc),Specific situational modifier or contextual role. Example: [Perioperative therapy] -> [Capecitabine and Cisplatin (CX)],,
Attribute,Context,Finding context of,Finding context of (SNOMED),Contextual modifier for a clinical finding. Example: [Known] -> [Family grieving],,
Attribute,Context,Has context,Has context (HemOnc),Specific situational modifier or contextual role. Example: [AC-D] -> [Neoadjuvant therapy],,https://hemonc.org/wiki/HemOncKB_canonical_triples
Attribute,Context,Has finding context,Has finding context (SNOMED),Contextual modifier for a clinical finding. Example: [Elevated blood-pressure reading without diagnosis of hypertension] -> [Known present],,
Association,Diagnostic,Has proc context,Has procedure context (SNOMED),"Links evidence, tests, variants, or clinical findings to support diagnostic reasoning. Example: [Counselled by health visitor] -> [Done]",,
Attribute,Context,Has relat context,Has subject relationship context (SNOMED),Specific situational modifier or contextual role. Example: [Elevated blood-pressure reading without diagnosis of hypertension] -> [Subject of record],,
Attribute,Temporal,Has temporal context,Has temporal context (SNOMED),"Qualifies clinical events by their timing, sequence, or duration. Example: [Elevated blood-pressure reading without diagnosis of hypertension] -> [Current]",,
Association,Diagnostic,Proc context of,Procedure context of (SNOMED),"Links evidence, tests, variants, or clinical findings to support diagnostic reasoning. Example: [Recommended] -> [Hepatitis B immunization recommended]",,
Attribute,Context,Relat context of,Subject relationship context of (SNOMED),Specific situational modifier or contextual role. Example: [Spouse of subject] -> [Spouse unwell],,
Attribute,Temporal,Temporal context of,Temporal context of (SNOMED),"Qualifies clinical events by their timing, sequence, or duration. Example: [Current or past] -> [3.5 year examination not wanted]",,
Attribute,Measurement,Has Scale,Has Scale,"Defines metrics, scales, units, and quantitative properties of an observation. Example: [Oral Health] -> [In the course of your current illness or its treatment, not only the past week:]",,
Attribute,Measurement,Has unit,Has unit,"Defines metrics, scales, units, and quantitative properties of an observation. Example: [Cranial rhythmic impulse] -> [Cycles/minute]",,
Attribute,Measurement,Scale of,Scale of,"Defines metrics, scales, units, and quantitative properties of an observation. Example: [Doctor(s), Nurse(s), Psychologist(s), Radiotherapy technician(s), Other (please specify: _____________)] -> [QLQ-COMU26 Communication module]",,
Attribute,Measurement,Unit of,Unit of,"Defines metrics, scales, units, and quantitative properties of an observation. Example: [gram] -> [Tumor Weight]",,https://github.com/OHDSI/Vocabulary-v5.0/wiki/Vocab.-LOINC#relationships
Attribute,Pharmaceutical,Dose form of,Dose form of (SNOMED),Qualifies physical drug delivery properties or dose forms. Example: [Powder for oral and rectal suspension] -> [Calcium polystyrene sulfonate 999.34 mg/g powder for oral and rectal suspension],,https://docs.snomed.org/education/snomed-ct-education-editorial-guide/readme/authoring/domain-specific-modeling/pharmaceutical-and-biologic-product/index/index/pharmaceutical-dose-form-naming-and-modeling-conventions
Attribute,Pharmaceutical,Has dose form,Has dose form (SNOMED),Qualifies physical drug delivery properties or dose forms. Example: [Calcium oxybate 500 mg/mL and magnesium oxybate 500 mg/mL and potassium oxybate 500 mg/mL and sodium oxybate 500 mg/mL oral solution] -> [Oral solution],,https://docs.snomed.org/education/snomed-ct-education-editorial-guide/readme/authoring/domain-specific-modeling/pharmaceutical-and-biologic-product/index/index/pharmaceutical-dose-form-naming-and-modeling-conventions
Attribute,Procedural,Has route,Has route (DM+D),"Defines execution technicalities like route of administration, method, or device used. Example: [Brexucabtagene autoleucel] -> [Intravenous]",,
Attribute,Procedural,Has route of admin,Has route of administration (SNOMED),"Defines execution technicalities like route of administration, method, or device used. Example: [Intravitreal injection of anti-vascular endothelial growth factor] -> [Intravitreal]",,
Composition,Structural,Has strength,Has ingredient qualitative strength (SNOMED),Defines the inherent chemical constituents or dosage strength. Example: [Hepatitis B high dose recombinant surface antigen only vaccine product] -> [High dose],,
Attribute,Procedural,Route of,Route of (DM+D),"Defines execution technicalities like route of administration, method, or device used. Example: [Oral] -> [Levothyroxine sodium 100 microgram oral tablet]",,https://github.com/OHDSI/Vocabulary-v5.0/wiki/Vocab.-LOINC#relationships
Attribute,Procedural,Route of admin of,Route of administration of (SNOMED),"Defines execution technicalities like route of administration, method, or device used. Example: [Injectable] -> [Auto-Injector]",,https://github.com/OHDSI/Vocabulary-v5.0/wiki/Vocab.-LOINC#relationships
Composition,Structural,Strength of,Ingredient qualitative strength of (SNOMED),Defines the inherent chemical constituents or dosage strength. Example: [Low dose] -> [Acellular Bordetella pertussis and Clostridium tetani and low dose Corynebacterium diphtheriae and inactivated Human poliovirus antigens only vaccine product],,
Composition,Containment,Box of,Prepackaged box of (OMOP),Links items to their physical packaging or multi-item kit groupings. Example: [Calcium 0.0753 MG/MG / Charcoal 0.0753 MG/MG / Kaolin 0.04 MG/MG / Magnesium 0.005 MG/MG Oral Powder [Aruto] Box of 1] -> [Calcium 0.0753 MG/MG / Charcoal 0.0753 MG/MG / Kaolin 0.04 MG/MG / Magnesium 0.005 MG/MG Oral Powder [Aruto]],,
Composition,Physical,Contained in,Is contained in (RxNorm),Physical material assembly or structural part-whole relationship. Example: [Omeprazole 20 MG Extended Release Oral Capsule] -> [{28 (amoxicillin 500 MG Oral Capsule) / 14 (clarithromycin 500 MG Oral Tablet) / 14 (Omeprazole 20 MG Extended Release Oral Capsule) } Pack [Klacid]],Links contents to their parent Pack/Kit.,https://github.com/OHDSI/Vocabulary-v5.0/wiki/Vocab.-RXNORM_EXTENSION#result
Composition,Physical,Contains,Contains (RxNorm),Physical material assembly or structural part-whole relationship. Example: [{24 (fexinidazole 600 MG Oral Tablet) } Pack] -> [fexinidazole 600 MG Oral Tablet],Links a Pack/Kit to its contents.,https://github.com/OHDSI/Vocabulary-v5.0/wiki/Vocab.-RXNORM_EXTENSION#result
Composition,Containment,Is pack of,Is pack of (SNOMED),Links items to their physical packaging or multi-item kit groupings.,,
Composition,Physical,Meas component of,Measured Component of (SNOMED),Physical material assembly or structural part-whole relationship.,,
Composition,Physical,Panel contains,Panel contains,Physical material assembly or structural part-whole relationship. Example: [EORTC Quality of Life Questionnaire С30] -> [EORTC Quality of Life Questionnaire: Have you vomited during the past week?],,
Composition,Structural,Active ing of,Active ingredient of (SNOMED),Defines the inherent chemical constituents or dosage strength. Example: [Podophyllotoxin and/or podophyllotoxin derivative] -> [Podophyllotoxin and/or podophyllotoxin derivative-containing product],A medicinal product concept has a set of active ingredient substance(s) responsible for providing the therapeutic effect of the medicinal product and which are described using the clinically relevant part or whole of the substance that is intended to have a therapeutic action on or within the body,https://docs.snomed.org/education/snomed-ct-education-editorial-guide/readme/authoring/domain-specific-modeling/pharmaceutical-and-biologic-product/pharmaceutical-and-biologic-product-and-dose-form-attributes-summary/ingredient-substance-attributes#has-active-ingredient
Composition,Structural,Has active ing,Has active ingredient (SNOMED),Defines the inherent chemical constituents or dosage strength. Example: [Calcium oxybate- and magnesium oxybate- and potassium oxybate- and sodium oxybate-containing product] -> [Potassium oxybate],A medicinal product concept has a set of active ingredient substance(s) responsible for providing the therapeutic effect of the medicinal product and which are described using the clinically relevant part or whole of the substance that is intended to have a therapeutic action on or within the body,https://docs.snomed.org/education/snomed-ct-education-editorial-guide/readme/authoring/domain-specific-modeling/pharmaceutical-and-biologic-product/pharmaceutical-and-biologic-product-and-dose-form-attributes-summary/ingredient-substance-attributes#has-active-ingredient
Composition,Structural,Has prec ingredient,Has precise active ingredient (SNOMED),Defines the inherent chemical constituents or dosage strength. Example: [Calcium oxybate 500 mg/mL and magnesium oxybate 500 mg/mL and potassium oxybate 500 mg/mL and sodium oxybate 500 mg/mL oral solution] -> [Calcium oxybate],,
Composition,Structural,Has precise ing,Has precise ingredient (RxNorm),"Defines the inherent chemical constituents or dosage strength. Example: [immunoglobulin G, human 150 MG/ML] -> [immunoglobulin G, human]",Precise version of the ingredient link (e.g. base vs salt).,https://github.com/OHDSI/Vocabulary-v5.0/wiki/Vocab.-RXNORM_EXTENSION#result
Composition,Structural,Has spec active ing,Has specific active ingredient (SNOMED),Defines the inherent chemical constituents or dosage strength. Example: [Darunavir 600 mg oral tablet] -> [Darunavir ethanolate],,
Composition,Structural,Has standard ing,Has standard ingredient (OMOP),Defines the inherent chemical constituents or dosage strength.,,
Composition,Structural,Is standard ing of,Is standard ingredient of ingredient (OMOP),Defines the inherent chemical constituents or dosage strength.,,
Composition,Structural,NDFRT has ing,Has ingredient (NDF-RT),"Defines the inherent chemical constituents or dosage strength. Example: [HYDROGEN PEROXIDE 3% SPRAY,TOP] -> [Hydrogen Peroxide]",,
Composition,Structural,NDFRT ing of,Ingredient of (NDF-RT),Defines the inherent chemical constituents or dosage strength. Example: [Salmeterol Xinafoate] -> [SALMETEROL XINAFOATE],,
Composition,Structural,Prec ingredient of,Precise active ingredient of (SNOMED),Defines the inherent chemical constituents or dosage strength. Example: [Cabotegravir] -> [Cabotegravir 200 mg/mL prolonged-release suspension for injection],,
Composition,Structural,Precise ing of,Precise ingredient of (RxNorm),"Defines the inherent chemical constituents or dosage strength. Example: [tetanus immune globulin, human] -> [tetanus immune globulin, human 250 UNT/ML]",,
Composition,Structural,RxNorm has ing,Has ingredient (RxNorm),Defines the inherent chemical constituents or dosage strength. Example: [hepatitis B immune globulin 217 UNT/ML] -> [hepatitis B immune globulin],Links a drug concept to its constituent active ingredient(s).,https://github.com/OHDSI/Vocabulary-v5.0/wiki/Vocab.-RXNORM_EXTENSION#result
Composition,Structural,RxNorm ing of,Ingredient of (RxNorm),Defines the inherent chemical constituents or dosage strength. Example: [Umifenovir] -> [Umifenovir Oral Granules],Links an ingredient to its containing drug concepts.,https://github.com/OHDSI/Vocabulary-v5.0/wiki/Vocab.-RXNORM_EXTENSION#result
Composition,Structural,Spec active ing of,Specific active ingredient of (SNOMED),Defines the inherent chemical constituents or dosage strength. Example: [Darunavir ethanolate] -> [Darunavir 600 mg oral tablet],,
Composition,Physical,Component of,Component of,Physical material assembly or structural part-whole relationship. Example: [Malignant teratoma] -> [Percent of malignant teratoma in primary malignant mixed germ cell tumor of testis],,
Composition,Physical,Has component,Has component,Physical material assembly or structural part-whole relationship. Example: [Abnormal lymphocyte count] -> [Lymphocyte],,
Hierarchy,Categorical – up,Category of,Category of,Assigns a concept to a high-level grouping or classification chapter. Example: [Abdominal composition] -> [Weight-to-muscle ratio],,
Hierarchy,Categorical – up,Drug class of drug,Drug class of drug (OMOP),Assigns a concept to a high-level grouping or classification chapter. Example: [propylene glycol] -> [Propylene glycol Topical Solution],,https://github.com/OHDSI/Vocabulary-v5.0/wiki/Vocab.-RXNORM_EXTENSION#result
Hierarchy,Categorical – up,Therap class of,Therapeutic class of (NDF),Assigns a concept to a high-level grouping or classification chapter. Example: [Antihelminthic Agent] -> [ALBENDAZOLE],,
Hierarchy,Categorical – up,membership inference,Drug has drug class (OMOP),Assigns a concept to a high-level grouping or classification chapter.,,https://github.com/OHDSI/Vocabulary-v5.0/wiki/Vocab.-RXNORM_EXTENSION#result
Hierarchy,Categorical – up,membership inference,Has Category,Assigns a concept to a high-level grouping or classification chapter.,,
Hierarchy,Categorical – up,membership inference,Has therapeutic class (NDF),Assigns a concept to a high-level grouping or classification chapter.,,
Hierarchy,Taxonomic – down,RxNorm inverse is a,Inverse is a (RxNorm),Refinement from a broad parent to a specific child. Example: [AESCULUS HIPPOCASTANUM SEED OIL / cupric acetate / Epinephrine / Ergot Alkaloids / Helleborus niger whole extract / Potentilla anserina whole extract / tobacco leaf extract Oral Solution] -> [AESCULUS HIPPOCASTANUM SEED OIL 2 X / cupric acetate 6 X / Epinephrine 6 X / Ergot Alkaloids 4 X / Helleborus niger whole extract 6 X / Potentilla anserina whole extract 2 X / tobacco leaf extract 4 X Oral Solution],,https://github.com/OHDSI/Vocabulary-v5.0/wiki/Vocab.-RXNORM_EXTENSION#result
Hierarchy,Taxonomic – down,Subsumes,Subsumes,Refinement from a broad parent to a specific child. Example: [Medicare] -> [Medicare Hospice],,https://github.com/OHDSI/Vocabulary-v5.0/wiki/Vocab.-LOINC#relationships
Hierarchy,Taxonomic – up,Is a,Is a,Inheritance link generalizing to a broader parent. Example: [Medicare Managed Care] -> [Medicare],,
Hierarchy,Taxonomic – up,RxNorm is a,Is a (RxNorm),Inheritance link generalizing to a broader parent. Example: [hepatitis B immune globulin 200 UNT/ML Injectable Solution] -> [hepatitis B immune globulin Injectable Solution],,https://github.com/OHDSI/Vocabulary-v5.0/wiki/Vocab.-RXNORM_EXTENSION#result
Identity,Exact equivalence,Concept same_as from,Active same_as inactive (SNOMED),Direct semantic identity or mapping rule across different vocabularies.,,
Identity,Exact equivalence,Concept same_as to,Inactive same_as active (SNOMED),Direct semantic identity or mapping rule across different vocabularies.,,
Identity,Exact equivalence,CPT4 - CVX eq,CPT4 to CVX equivalent (CVX),"Explicitly tagged as equivalent, representing exact semantic identity.",,
Identity,Exact equivalence,CPT4 - LOINC eq,CPT4 to LOINC equivalent (SNOMED),"Explicitly tagged as equivalent, representing exact semantic identity. Example: [Basic metabolic panel (Calcium, total) This panel must include the following: Calcium, total (82310) Carbon dioxide (bicarbonate) (82374) Chloride (82435) Creatinine (82565) Glucose (82947) Potassium (84132) Sodium (84295) Urea nitrogen (BUN) (84520)] -> [Basic metabolic 2000 panel - Serum or Plasma]",,
Identity,Exact equivalence,CPT4 - SNOMED eq,CPT-4 to SNOMED equivalent (OMOP),"Explicitly tagged as equivalent, representing exact semantic identity. Example: [Pelvic examination (List separately in addition to code for primary procedure)] -> [Manual pelvic examination]",,
Identity,Exact equivalence,CVX - CPT4 eq,CVX to CPT4 equivalent (CVX),"Explicitly tagged as equivalent, representing exact semantic identity.",,
Identity,Exact equivalence,DRG - MS-DRG eq,DRG to MS-DRG equivalent (CMS),"Explicitly tagged as equivalent, representing exact semantic identity.",,
Identity,Exact equivalence,ICD9P - SNOMED eq,ICD-9-Procedure to SNOMED equivalent (OMOP),"Explicitly tagged as equivalent, representing exact semantic identity.",,
Identity,Exact equivalence,ICDO to OncoTree eq,ICDO to OncoTree equivalent,"Explicitly tagged as equivalent, representing exact semantic identity. Example: [Clear cell borderline tumor of ovary] -> [Clear Cell Borderline Ovarian Tumor (CCBOV)]",,
Identity,Exact equivalence,LOINC - CPT4 eq,LOINC to CPT4 equivalent (SNOMED),"Explicitly tagged as equivalent, representing exact semantic identity. Example: [Asparagus IgE Ab [Units/volume] in Serum] -> [Allergen specific IgE; quantitative or semiquantitative, crude allergen extract, each]",,
Identity,Exact equivalence,LOINC - SNOMED eq,LOINC Hierarchy to SNOMED equivalent (LOINC),"Explicitly tagged as equivalent, representing exact semantic identity.",,
Identity,Exact equivalence,MedDRA - SNOMED eq,MedDRA to SNOMED equivalent (OMOP),"Explicitly tagged as equivalent, representing exact semantic identity.",,
Identity,Exact equivalence,MS-DRG - DRG eq,MS-DRG to DRG equivalent (CMS),"Explicitly tagged as equivalent, representing exact semantic identity.",,
Identity,Exact equivalence,NDFRT - RxNorm eq,NDF-RT to RxNorm equivalent (RxNorm),"Explicitly tagged as equivalent, representing exact semantic identity. Example: [Vaginal Film] -> [Vaginal Film]",,
Identity,Exact equivalence,NDFRT - SNOMED eq,NDF-RT to SNOMED equivalent (RxNorm),"Explicitly tagged as equivalent, representing exact semantic identity. Example: [Antigens, CD99] -> [Lymphocyte antigen CD99]",,
Identity,Exact equivalence,NDFRT to ATC eq,NDFRT to ATC equivalent (NDF-RT),"Explicitly tagged as equivalent, representing exact semantic identity. Example: [Cholera Vaccines] -> [Cholera vaccines]",Is a cross-link between ATC Classes and National Drug File - Reference Terminology.,https://github.com/OHDSI/Vocabulary-v5.0/wiki/Vocab.-ATC#other-information
Identity,Exact equivalence,NDFRT to VA Class eq,NDFRT to VA Class equivalent (NDF-RT),"Explicitly tagged as equivalent, representing exact semantic identity. Example: [Immune Sera] -> [IMMUNE SERUMS]",,
Identity,Exact equivalence,Nebraska-CAP eq,Nebraska Lexicon to CAP equivalent,"Explicitly tagged as equivalent, representing exact semantic identity.",,
Identity,Exact equivalence,OncoTree to ICDO eq,OncoTree to ICDO equivalent,"Explicitly tagged as equivalent, representing exact semantic identity. Example: [Soft Tissue] -> [Neoplasm defined only by topography: Connective, Subcutaneous and other soft tissues, NOS]",,
Identity,Exact equivalence,Prep to Chem eq,Pharmaceutical Preparation to Chemical Structure equivalent (NDF-RT),"Explicitly tagged as equivalent, representing exact semantic identity. Example: [BUTTER] -> [Butter]",,
Identity,Exact equivalence,RxNorm - NDFRT eq,RxNorm to NDF-RT equivalent (RxNorm),"Explicitly tagged as equivalent, representing exact semantic identity. Example: [hepatitis B immune globulin] -> [hepatitis B hyperimmune globulin]",,
Identity,Exact equivalence,RxNorm - SNOMED eq,RxNorm to SNOMED equivalent (RxNorm),"Explicitly tagged as equivalent, representing exact semantic identity. Example: [hepatitis B immune globulin] -> [Hepatitis B surface antigen immunoglobulin-containing product]",,
Identity,Exact equivalence,RxNorm - Source eq,RxNorm to Drug Source equivalent (OMOP),"Explicitly tagged as equivalent, representing exact semantic identity. Example: [hepatitis B immune globulin] -> [Hepatitis B Immune Globulin Human]",,
Identity,Exact equivalence,RxNorm - VAProd eq,RxNorm to VA Product equivalent (NDF-RT),"Explicitly tagged as equivalent, representing exact semantic identity. Example: [0.5 ML hepatitis B immune globulin 217 UNT/ML Prefilled Syringe [Bayhep B]] -> [HEPATITIS B IMMUNE GLOBULIN (BAYHEP) INJ,SYR,0.5ML]",,
Identity,Exact equivalence,SNOMED - ATC eq,SNOMED to ATC equivalent (RxNorm),"Explicitly tagged as equivalent, representing exact semantic identity. Example: [COVID-19 vaccine] -> [Covid-19 vaccines]",,https://github.com/OHDSI/Vocabulary-v5.0/wiki/Vocab.-LOINC#relationships
Identity,Exact equivalence,SNOMED - CPT4 eq,SNOMED to CPT-4 equivalent (OMOP),"Explicitly tagged as equivalent, representing exact semantic identity. Example: [Hospital admission] -> [Induced abortion, by 1 or more vaginal suppositories (eg, prostaglandin) with or without cervical dilation (eg, laminaria), including hospital admission and visits, delivery of fetus and secundines; with hysterotomy (failed medical evacuation)]",,https://github.com/OHDSI/Vocabulary-v5.0/wiki/Vocab.-LOINC#relationships
Identity,Exact equivalence,SNOMED - ICD9P eq,SNOMED to ICD-9-Procedure equivalent (OMOP),"Explicitly tagged as equivalent, representing exact semantic identity.",,
Identity,Exact equivalence,SNOMED - LOINC eq,SNOMED to LOINC Hierarchy equivalent (LOINC),"Explicitly tagged as equivalent, representing exact semantic identity.",,
Identity,Exact equivalence,SNOMED - MedDRA eq,SNOMED to MedDRA equivalent (OMOP),"Explicitly tagged as equivalent, representing exact semantic identity.",,https://github.com/OHDSI/Vocabulary-v5.0/wiki/Vocab.-SNOMED#equivalent-and-categorical-relationships
Identity,Exact equivalence,SNOMED - NDFRT eq,SNOMED to NDF-RT equivalent (RxNorm),"Explicitly tagged as equivalent, representing exact semantic identity. Example: [Leukocyte elastase] -> [Leukocyte Elastase]",,https://github.com/OHDSI/Vocabulary-v5.0/wiki/Vocab.-SNOMED#equivalent-and-categorical-relationships
Identity,Exact equivalence,SNOMED - RxNorm eq,SNOMED to RxNorm equivalent (RxNorm),"Explicitly tagged as equivalent, representing exact semantic identity. Example: [Calcium oxybate 500 mg/mL and magnesium oxybate 500 mg/mL and potassium oxybate 500 mg/mL and sodium oxybate 500 mg/mL oral solution] -> [calcium oxybate 234 MG/ML / magnesium oxybate 96 MG/ML / potassium oxybate 130 MG/ML / sodium oxybate 40 MG/ML Oral Solution]",,https://github.com/OHDSI/Vocabulary-v5.0/wiki/Vocab.-SNOMED#equivalent-and-categorical-relationships
Identity,Exact equivalence,SNOMED - VA Class eq,SNOMED to VA Class equivalent (RxNorm),"Explicitly tagged as equivalent, representing exact semantic identity. Example: [Immunoglobulin] -> [IMMUNOGLOBULINS]",,https://github.com/OHDSI/Vocabulary-v5.0/wiki/Vocab.-SNOMED#equivalent-and-categorical-relationships
Identity,Exact equivalence,Source - RxNorm eq,Drug Source to RxNorm equivalent (OMOP),"Explicitly tagged as equivalent, representing exact semantic identity. Example: [Fibryga] -> [Fibryga]",,
Identity,Exact equivalence,VA Class - SNOMED eq,VA Class to SNOMED equivalent (RxNorm),"Explicitly tagged as equivalent, representing exact semantic identity. Example: [ANTIHISTAMINES] -> [Histamine receptor antagonist]",,
Identity,Exact equivalence,VA Class to ATC eq,VA Class to ATC equivalent (NDF-RT),"Explicitly tagged as equivalent, representing exact semantic identity. Example: [CEPHALOSPORIN 3RD GENERATION] -> [Third-generation cephalosporins]",Is a cross-link between ATC and Veteran Affairs drug classification.,https://github.com/OHDSI/Vocabulary-v5.0/wiki/Vocab.-ATC#other-information
Identity,Exact equivalence,VA Class to NDFRT eq,VA Class to NDFRT equivalent (NDF-RT),"Explicitly tagged as equivalent, representing exact semantic identity. Example: [ANTINEOPLASTICS] -> [Antineoplastic Agent]",,
Identity,Exact equivalence,VAProd - RxNorm eq,VA Product to RxNorm equivalent (NDF-RT),"Explicitly tagged as equivalent, representing exact semantic identity. Example: [HYDROGEN PEROXIDE 3% SPRAY,TOP] -> [hydrogen peroxide 30 MG/ML Topical Spray]",,
Association,Mapping,Concept alt_to from,Active alternative_to inactive (SNOMED),"This is SNOMED's ALTERNATIVE inactivation association, the same family as possibly_equivalent_to and was_a. SNOMED's own documentation describes it as one of several acceptable alternative concepts, where the actual choice must be decided by a human. It is not a safe automatic identity hop.",,
Association,Mapping,Concept alt_to to,Inactive alternative_to active (SNOMED),"This is SNOMED's ALTERNATIVE inactivation association, the same family as possibly_equivalent_to and was_a. SNOMED's own documentation describes it as one of several acceptable alternative concepts, where the actual choice must be decided by a human. It is not a safe automatic identity hop.",,
Association,Mapping,Concept poss_eq from,Active possibly_equivalent_to inactive (SNOMED),"SNOMED's loose, many-to-many fallback for retired concepts with no clean 1:1 successor. It is not a true equivalence, and not an administrative or billing link either; see linked known-issues page.",,https://github.com/OHDSI/Vocabulary-v5.0/wiki/Known-Issues-in-Vocabularies#snomed
Association,Mapping,Concept poss_eq to,Inactive possibly_equivalent_to active (SNOMED),"SNOMED's loose, many-to-many fallback for retired concepts with no clean 1:1 successor. It is not a true equivalence, and not an administrative or billing link either; see linked known-issues page.",,https://github.com/OHDSI/Vocabulary-v5.0/wiki/Known-Issues-in-Vocabularies#snomed
Identity,Version lineage,Concept replaced by,Concept replaced by,Handles lifecycle transitions and deprecated concept history.,,
Identity,Version lineage,Concept replaces,Concept replaces,Handles lifecycle transitions and deprecated concept history.,,
Composition,Structural,Has dir subst,Has direct substance (SNOMED),Defines the inherent chemical constituents or dosage strength. Example: [Administration of SARS-CoV-2 mRNA vaccine] -> [SARS-CoV-2 mRNA vaccine],Direct substance (attribute) describes the Substance or Pharmaceutical/biologic product on which the procedure's method directly acts.,https://docs.snomed.org/education/snomed-ct-education-editorial-guide/readme/authoring/domain-specific-modeling/procedure/procedure-defining-attributes/index#direct-substance
Attribute,Clinical,Has non-avail ind,Has VMP non-availability indicator (SNOMED),"Qualifies clinical states, statuses (e.g., severity, intent, prescribing status), or general clinical indicators.",,
Association,Therapeutic,AB-drug cjgt of,Antibody-drug conjugate of (HemOnc),Links therapeutic interventions to clinical indications or contraindications. Example: [Loncastuximab tesirine] -> [Loncastuximab tesirine monotherapy],,https://hemonc.org/wiki/HemOncKB_canonical_triples
Attribute,Anatomical,Absorbability of,Absorbability of (SNOMED),"Spatial qualifier describing location, morphology, or extent. Example: [Bioabsorbable] -> [Surgical plant polysaccharide hemostatic agent]",Represents the absorbability aspect of an object.,https://docs.snomed.org/education/snomed-ct-education-editorial-guide/readme/authoring/domain-specific-modeling/physical-object/physical-object-defining-attributes#has-absorbability
Attribute,Procedural,Acc device used by,Access device used by (SNOMED),"Defines execution technicalities like route of administration, method, or device used. Example: [Echoendoscope] -> [Endoscopic ultrasonography guided core needle biopsy of oesophagus]",,
Association,Therapeutic,Accepted use of,Accepted use of (HemOnc),Links therapeutic interventions to clinical indications or contraindications. Example: [Esophageal squamous cell carcinoma] -> [Fluorouracil],,
Attribute,Procedural,Access of,Access of (SNOMED),"Defines execution technicalities like route of administration, method, or device used. Example: [Percutaneous approach - access] -> [Closed reduction and percutaneous fixation of bilateral sacral ala fracture using screw]","Access (attribute) describes the route used to access the site of a procedure. It distinguishes open, closed, and percutaneous procedures.",https://docs.snomed.org/education/snomed-ct-education-editorial-guide/readme/authoring/domain-specific-modeling/procedure/procedure-defining-attributes/index
Association,Administrative,Add monitor ind of,NHS dm+d (dictionary of medicines and devices) additional monitoring indicator of,"Operational link for system billing, metadata, dictionaries, or encounter tracking.",,
Attribute,Procedural,Admin method of,Dose form administration method of (SNOMED),"Defines execution technicalities like route of administration, method, or device used. Example: [Insufflate] -> [Gas for insufflation]",,
Attribute,Procedural,Affected by process,Affected by process (SNOMED),"Defines execution technicalities like route of administration, method, or device used. Example: [Whey protein] -> [Measured quantity of intake of whey protein in 24 hours]","Describes that a process specifically acts on some entity, e.g. by transporting that entity in or out of the body, i.e. Rate of intake of protein.",https://docs.snomed.org/education/snomed-ct-education-editorial-guide/readme/authoring/domain-specific-modeling/observable-entity/observable-entity-defining-attributes#process-acts-on
Attribute,Pharmaceutical,AMP restr ind of,NHS dm+d (dictionary of medicines and devices) AMP (actual medicinal product) availability restriction indicator of,Qualifies physical drug delivery properties or dose forms.,,
Composition,Logical,Answer of,Answer of,"Conceptual grouping/aggregation of entities (e.g., Q&A, HOI, SMQ, Schema). Example: [Skin@None; no surgery of primary site; autopsy ONLY] -> [RX Hosp--Surg Prim Site]",,
Association,Therapeutic,Anticoag Rx of,Anticoag Rx of (HemOnc),Links therapeutic interventions to clinical indications or contraindications. Example: [enoxaparin] -> [Enoxaparin monotherapy],,https://hemonc.org/wiki/HemOncKB_canonical_triples
Attribute,Pharmaceutical,ARP of,ARP of (SNOMED),Qualifies physical drug delivery properties or dose forms.,,
Association,Diagnostic,Asso finding of,Associated finding of (SNOMED),Links diagnostic evidence or tests to a clinical concept/state. Example: [Sickle cell-hemoglobin SS disease] -> [NHS Sickle Cell and Thalassaemia Screening Programme result consistent with Hb SS (sickle cell-Haemoglobin SS) disease],,
Attribute,Anatomical,Asso morph of,Associated morphology of (SNOMED),Defines a physical/structural abnormality at the cellular or tissue level. Example: [Diffuse intrinsic pontine glioma] -> [Primary diffuse intrinsic pontine glioma],specifies the morphologic changes seen at the tissue or cellular level that are characteristic of a disease.,https://docs.snomed.org/education/snomed-ct-education-editorial-guide/readme/authoring/domain-specific-modeling/clinical-finding-and-disorder/clinical-finding-defining-attributes#associated-morphology
Association,Diagnostic,Asso proc of,Associated procedure of (SNOMED),"Links evidence, tests, variants, or clinical findings to support diagnostic reasoning. Example: [Hospital admission] -> [H/O: Admission in last year for diabetes foot problem]",,
Association,Administrative,Asso visit of,Associated visit of (OMOP),"Operational link for system billing, metadata, dictionaries, or encounter tracking. Example: [Telehealth Provided Other than in Patient’s Home] -> [Online assessment and management service provided by a qualified nonphysician health care professional to an established patient or guardian, not originating from a related assessment and management service provided within the previous 7 d... (Deprecated)]",,
Association,Diagnostic,Asso with finding,Associated with finding (SNOMED),Links diagnostic evidence or tests to a clinical concept/state. Example: [Hypoglycemia] -> [Neuropathy associated with hypoglycemia],,
Association,Mapping,ATC - RxNorm,ATC to RxNorm,"This connects an ATC class to a drug product, not an ingredient, so it is often coarser than its near-equivalence label suggests. A multi-ingredient combination product can map to the ATC class of only one of its ingredients, which is not a faithful equivalence. Example: [moxidectin; systemic] -> [moxidectin Oral Gel]","Connects ATC Classes and Drug Products, but not Ingredients",https://github.com/OHDSI/Vocabulary-v5.0/wiki/Vocab.-ATC#other-information
Identity,Exact equivalence,ATC - RxNorm name,ATC to RxNorm equivalent by concept_name (OMOP),"Explicitly tagged as equivalent, representing exact semantic identity.",,
Identity,Exact equivalence,ATC to NDFRT eq,ATC to NDFRT equivalent (NDF-RT),"Explicitly tagged as equivalent, representing exact semantic identity. Example: [Blood coagulation factors] -> [Blood Coagulation Factors]",Is a cross-link between ATC Classes and National Drug File - Reference Terminology.,https://github.com/OHDSI/Vocabulary-v5.0/wiki/Vocab.-ATC#other-information
Identity,Exact equivalence,ATC to VA Class eq,ATC to VA Class equivalent (NDF-RT),"Explicitly tagged as equivalent, representing exact semantic identity. Example: [ANTACIDS] -> [ANTACIDS]",Is a cross-link between ATC and Veteran Affairs drug classification.,https://github.com/OHDSI/Vocabulary-v5.0/wiki/Vocab.-ATC#other-information
Composition,Structural,Basis str subst of,Basis of strength substance of (SNOMED),Defines the inherent chemical constituents or dosage strength. Example: [Berotralstat] -> [Berotralstat (as berotralstat hydrochloride) 110 mg oral capsule],,
Identity,Near equivalence,Biosimilar of,Biosimilar of,"Links commercial or contextually similar entities (e.g., brand names, biosimilars, external maps). Example: [Pegfilgrastim-bmez] -> [Pegfilgrastim]",,
Hierarchy,Categorical – up,CAP parent item of,CAP parent item of,Assigns a concept to a high-level grouping or classification chapter.,,
Hierarchy,Categorical – up,CAP protocol of,CAP protocol of,Assigns a concept to a high-level grouping or classification chapter.,,
Hierarchy,Categorical – up,CAP-Nebraska cat,CAP to Nebraska Lexicon category,Assigns a concept to a high-level grouping or classification chapter.,,
Identity,Exact equivalence,CAP-Nebraska eq,CAP to Nebraska Lexicon equivalent,"Explicitly tagged as equivalent, representing exact semantic identity.",,
Hierarchy,Categorical – up,Category in Chapter,Category in Chapter,Assigns a concept to a high-level grouping or classification chapter.,,
Association,Causal,Causative agent of,Causative agent of (SNOMED),"Relates conditions to their biological, pathological, or environmental causes. Example: [SARS-CoV-2 antigen vaccine] -> [Adverse reaction to COVID-19 antigen vaccine]","identifies an organism, substance, physical object, physical force, and/or pharmaceutical/biological product as the direct cause of a condition",https://docs.snomed.org/education/snomed-ct-education-editorial-guide/readme/authoring/domain-specific-modeling/clinical-finding-and-disorder/clinical-finding-defining-attributes#causative-agent
Association,Administrative,CD category of,Controlled drug cathehory of (DM+D),"Operational link for system billing, metadata, dictionaries, or encounter tracking.",,
Hierarchy,Categorical – up,Chapter has Category,Chapter has Category,Assigns a concept to a high-level grouping or classification chapter.,,
Hierarchy,Categorical – up,Chapter to ICDO,Chapter to ICDO,Assigns a concept to a high-level grouping or classification chapter.,,
Attribute,Anatomical,Characterizes,Characterizes (SNOMED),"Spatial qualifier describing location, morphology, or extent. Example: [Measured quantity of intake of potassium in 24 hours] -> [Introduction procedure]","Specifies the process which the property describes, and on which the property (of this observable) depends",https://docs.snomed.org/education/snomed-ct-education-editorial-guide/readme/authoring/domain-specific-modeling/observable-entity/observable-entity-defining-attributes#characterizes
Attribute,Anatomical,Chem structure of,Chemical structure of (NDF-RT),"Spatial qualifier describing location, morphology, or extent. Example: [tripeptidyl-peptidase 1] -> [CERLIPONASE ALFA]",,
Identity,Exact equivalence,Chem to Prep eq,Chemical Structure to Pharmaceutical Preparation equivalent (NDF-RT),"Explicitly tagged as equivalent, representing exact semantic identity. Example: [Mastic Resin] -> [GUM MASTIC]",,
Association,Therapeutic,CI by,Contraindicated by (NDF-RT),"Links therapeutic interventions to clinical indications or contraindications. Example: [HYDROGEN PEROXIDE 3% SPRAY,TOP] -> [Drug Hypersensitivity]",,
Association,Mechanistic,CI physiol effect by,Contraindicating physiological effect induced by (NDF-RT),"Links substances to functional biological pathways or mechanisms. Example: [Bronchoconstriction] -> [ADENOSINE 3MG/ML INJ,SYRINGE 2ML]",,
Association,Therapeutic,CI to,Contraindication to (NDF-RT),"Links therapeutic interventions to clinical indications or contraindications. Example: [Alkalosis] -> [SODIUM CHLORIDE 0.45% SOLN,IRRG]",,
Association,Administrative,CMS Specialty - NUCC,CMS Specialty to NUCC (CMS),"Operational link for system billing, metadata, dictionaries, or encounter tracking.",,
Association,Administrative,Combi prod ind of,Combination product indicator of (DM+D),"Operational link for system billing, metadata, dictionaries, or encounter tracking.",,
Composition,Structural,Conc denom unit of,Concentration strength denominator unit of (SNOMED),Defines the inherent chemical constituents or dosage strength. Example: [Actuation] -> [Product containing precisely lidocaine 10 milligram/1 actuation conventional release oromucosal spray],,
Composition,Structural,Conc denom val of,Concentration strength denominator value of (SNOMED),Defines the inherent chemical constituents or dosage strength. Example: [One] -> [Product containing precisely sodium chloride 90 milligram/10 milliliter conventional release solution for injection vial],,
Composition,Structural,Conc num unit of,Concentration strength numerator unit of (SNOMED),Defines the inherent chemical constituents or dosage strength. Example: [millimole] -> [Product containing precisely gadodiamide 10 millimole/20 milliliter conventional release solution for injection vial],,
Composition,Structural,Conc num val of,Concentration strength numerator value of (SNOMED),Defines the inherent chemical constituents or dosage strength. Example: [Eleven point four] -> [Product containing precisely povidone iodine 11.4 milligram/1 gram conventional release powder for cutaneous spray],,
Hierarchy,Taxonomic – up,Concept was_a from,Active was_a inactive (SNOMED),"SNOMED's was_a is a historical IS-A snapshot. This concept used to be classified under that parent before a model change. Not a current equivalence assertion.",,
Hierarchy,Taxonomic – up,Concept was_a to,Inactive was_a active (SNOMED),"SNOMED's was_a is a historical IS-A snapshot. This concept used to be classified under that parent before a model change. Not a current equivalence assertion.",,
Composition,Physical,Consists of,Consists of (RxNorm),Physical material assembly or structural part-whole relationship. Example: [hepatitis B immune globulin 200 UNT/ML Injectable Solution] -> [hepatitis B immune globulin 200 UNT/ML],Links a drug to its components (e.g. multi-component drugs).,https://github.com/OHDSI/Vocabulary-v5.0/wiki/Vocab.-RXNORM_EXTENSION#result
Composition,Physical,Constitutes,Constitutes (RxNorm),Physical material assembly or structural part-whole relationship. Example: [hepatitis B immune globulin 217 UNT/ML] -> [hepatitis B immune globulin 217 UNT/ML Injectable Solution],Links a component back to the whole drug.,https://github.com/OHDSI/Vocabulary-v5.0/wiki/Vocab.-RXNORM_EXTENSION#result
Composition,Physical,Contained in panel,Contained in panel,Physical material assembly or structural part-whole relationship. Example: [SARS-CoV-2 (COVID-19) Ab [Presence] in Serum or Plasma by Immunoassay] -> [SARS-CoV-2 (COVID-19) Ab panel - Serum or Plasma by Immunoassay],,
Composition,Physical,Contained in version,Table/field contained in OMOP CDM Version (OMOP),Physical material assembly or structural part-whole relationship. Example: [cdm_source.cdm_holder] -> [OMOP CDM Version 5.4.0],,
Composition,Structural,Count of act ing in,Is count of active ingredients in (SNOMED),Defines the inherent chemical constituents or dosage strength.,,
Composition,Structural,Count of ing of,Count of base of active ingredient of (SNOMED),Defines the inherent chemical constituents or dosage strength. Example: [Four] -> [Product containing precisely aspirin 325 milligram and butalbital 50 milligram and caffeine 40 milligram and codeine phosphate 30 milligram/1 each conventional release oral capsule],,
Hierarchy,Categorical – up,CPT4 - SNOMED cat,CPT-4 to SNOMED category (OMOP),"Assigns a concept to a high-level grouping or classification chapter. Example: [Pericardiocentesis, including imaging guidance, when performed] -> [Operation on pericardium]",,
Association,Therapeutic,Curr adult indic for,Current adult indication for (HemOnc),Links therapeutic interventions to clinical indications or contraindications. Example: [Esophageal squamous cell carcinoma] -> [Cisplatin and Paclitaxel (TP)],,https://hemonc.org/wiki/HemOncKB_canonical_triples
Association,Therapeutic,Curr ped indic for,Current pediatric indication for (HemOnc),Links therapeutic interventions to clinical indications or contraindications. Example: [Anaplastic large cell lymphoma pediatric] -> [APO],,https://hemonc.org/wiki/HemOncKB_canonical_triples
Association,Therapeutic,Current treated by,Currently treated by (HemOnc),Links therapeutic interventions to clinical indications or contraindications.,,
Identity,Near equivalence,CVX - RxNorm,CVX - RxNorm (OMOP),"Links commercial or contextually similar entities (e.g., brand names, biosimilars, external maps). Example: [Anthrax vaccine, adsorbed, adjuvanted, post-exposure prophylaxis] -> [Bacillus anthracis strain V770-NP1-R antigens 0.1 MG/ML Injectable Suspension [Cyfendus]]",,
Association,Therapeutic,Cytotox chemo RX of,Cytotoxic chemotherapy of - RxNorm (HemOnc),Links therapeutic interventions to clinical indications or contraindications. Example: [valproate] -> [Decitabine and Valproate],,https://hemonc.org/wiki/HemOncKB_canonical_triples
Association,Therapeutic,Cytotoxic chemo of,Cytotoxic chemotherapy of (HemOnc),Links therapeutic interventions to clinical indications or contraindications. Example: [Azacitidine oral] -> [Azacitidine oral monotherapy],,https://hemonc.org/wiki/HemOncKB_canonical_triples
Attribute,Temporal,Date of variable,Date of variable (NAACCR),"Qualifies clinical events by their timing, sequence, or duration.",,
Composition,Structural,Denom value of,Presentation strength denominator value of (SNOMED),Defines the inherent chemical constituents or dosage strength. Example: [Four] -> [Product containing precisely dalteparin sodium 100000 unit/4 milliliter conventional release solution for injection vial],,
Composition,Structural,Denominator unit of,Presentation strength denominator unit of (SNOMED),Defines the inherent chemical constituents or dosage strength. Example: [Actuation] -> [Product containing precisely fluticasone propionate 500 microgram and salmeterol (as salmeterol xinafoate) 50 microgram/actuation conventional release powder for inhalation],,
Attribute,Procedural,Device used by,Device used by (SNOMED),"Defines execution technicalities like route of administration, method, or device used. Example: [Oocyte aspiration needle] -> [Laparoscopic oocyte recovery]",,
Attribute,Procedural,Dir device of,Direct device of (SNOMED),"Defines execution technicalities like route of administration, method, or device used. Example: [Accelerometer] -> [Provision of accelerometer]",Direct device (attribute) represents the device on which the method directly acts.,https://docs.snomed.org/education/snomed-ct-education-editorial-guide/readme/authoring/domain-specific-modeling/procedure/procedure-defining-attributes/index#direct-device
Composition,Structural,Dir subst of,Direct substance of (SNOMED),Defines the inherent chemical constituents or dosage strength. Example: [SARS-CoV-2 antigen vaccine] -> [Administration of SARS-CoV-2 antigen vaccine],Direct substance (attribute) describes the Substance or Pharmaceutical/biologic product on which the procedure's method directly acts.,https://docs.snomed.org/education/snomed-ct-education-editorial-guide/readme/authoring/domain-specific-modeling/procedure/procedure-defining-attributes/index#direct-substance
Attribute,Anatomical,Direction of,Direction of,"Spatial qualifier describing location, morphology, or extent. Example: [Negative] -> [Have you had any unintentional release (leakage) of urine?]",,
Attribute,Clinical,Disc indicator of,Discontinued indicator of (SNOMED),"Qualifies clinical states, statuses (e.g., severity, intent, prescribing status), or general clinical indicators.",,
Attribute,Pharmaceutical,Disp dose form of,Dispensed dose form of (SNOMED),Qualifies physical drug delivery properties or dose forms. Example: [Tablet] -> [Levothyroxine sodium 25 microgram oral tablet],,https://docs.snomed.org/education/snomed-ct-education-editorial-guide/readme/authoring/domain-specific-modeling/pharmaceutical-and-biologic-product/index/index/pharmaceutical-dose-form-naming-and-modeling-conventions
Attribute,Pharmaceutical,Disposition of,Disposition of (SNOMED),Qualifies physical drug delivery properties or dose forms. Example: [B-cell lymphoma 2 inhibitor] -> [Venetoclax],,
Composition,Logical,DOI - RxNorm,DOI contains RxNorm (OMOP),"Conceptual grouping/aggregation of entities (e.g., Q&A, HOI, SMQ, Schema). Example: [OMOP ACE Inhibitor] -> [ramipril 2.5 MG Oral Capsule]",,
Hierarchy,Taxonomic – down,Domain subsumes,Domain subsumes (OMOP),Refinement from a broad parent to a specific child.,,
Attribute,Pharmaceutical,Dose form group of,Dose form group of (RxNorm),Qualifies physical drug delivery properties or dose forms. Example: [Pyelocalyceal Product] -> [Jelmyto Pyelocalyceal Product],,
Attribute,Pharmaceutical,Dose form unit of,Unit relating to the size of (DM+D),Qualifies physical drug delivery properties or dose forms. Example: [Tablet - unit of product usage] -> [Levothyroxine sodium 25 microgram oral tablet],,
Association,Administrative,DRG - MDC cat,DRG to MDC category (CMS),"Operational link for system billing, metadata, dictionaries, or encounter tracking. Example: [Heart transplant or implant of heart assist system w MCC] -> [Ungroupable]",,
Association,Causal,Due to of,Due to of (SNOMED),"Relates conditions to their biological, pathological, or environmental causes. Example: [Sickle cell-hemoglobin SS disease] -> [Proliferative retinopathy due to sickle cell disease]","to identify a clinical finding/disorder, event, or procedure concept as the direct cause of another Clinical finding or Disorder concept",https://docs.snomed.org/education/snomed-ct-education-editorial-guide/readme/authoring/domain-specific-modeling/clinical-finding-and-disorder/clinical-finding-defining-attributes#due-to
Attribute,Temporal,During,During (SNOMED),"Qualifies clinical events by their timing, sequence, or duration. Example: [Shoulder girdle dystocia] -> [Delivery procedure]","Models concepts in which a clinical finding occurs during a procedure. Neither asserting nor excluding a causal relationship, it instead emphasizes a sequence of events.",https://docs.snomed.org/education/snomed-ct-education-editorial-guide/readme/authoring/domain-specific-modeling/clinical-finding-and-disorder/clinical-finding-defining-attributes#during
Association,Therapeutic,EMA indication of,EMA indication of (HemOnc),Links therapeutic interventions to clinical indications or contraindications. Example: [Esophageal squamous cell carcinoma] -> [Nivolumab],,https://hemonc.org/wiki/HemOncKB_canonical_triples
Attribute,Temporal,End date of,End date of,"Qualifies clinical events by their timing, sequence, or duration. Example: [RX Date Rad Ended] -> [Phase III Dose per Fraction]",,
Association,Therapeutic,Endocrine tx of,Endocrine therapy of (HemOnc),Links therapeutic interventions to clinical indications or contraindications. Example: [Antiestrogens] -> [Abemaciclib and ET],,https://hemonc.org/wiki/HemOncKB_canonical_triples
Attribute,Procedural,Energy used by,Energy used by (SNOMED),"Defines execution technicalities like route of administration, method, or device used. Example: [Shockwave] -> [Fluoroscopy guided intravascular shockwave balloon lithotripsy of calcified atherosclerotic plaque of left external iliac artery with contrast]",Using energy (attribute) refers to the energy used to execute an action.,https://docs.snomed.org/education/snomed-ct-education-editorial-guide/readme/authoring/domain-specific-modeling/procedure/procedure-defining-attributes/index#using-energy
Attribute,Clinical,Episodicity of,Episodicity of (SNOMED),"Qualifies clinical states, statuses (e.g., severity, intent, prescribing status), or general clinical indicators. Example: [First episode] -> [New onset seizure]","represent episodes of care provided by a physician or other healthcare provider, not episodes of disease experienced by the patient",https://docs.snomed.org/education/snomed-ct-education-editorial-guide/readme/authoring/domain-specific-modeling/clinical-finding-and-disorder/clinical-finding-defining-attributes#episodicity
Association,Mapping,ETC - RxNorm,ETC to RxNorm (FDB),"ETC is a drug classification scheme, structurally the same as ATC. This connects a drug class to a product, not an ingredient, the same coarse class-to-instance shape as ATC-RxNorm.",,
Identity,Exact equivalence,ETC - RxNorm name,ETC to RxNorm equivalent by concept_name (OMOP),"Explicitly tagged as equivalent, representing exact semantic identity.",,
Composition,Structural,Excipient of,Excipient of (SNOMED),Defines the inherent chemical constituents or dosage strength.,,
Association,Administrative,Excluded in map from,Standard to Non-standard exclude child (OMOP),"OMOP-internal mapping-exception bookkeeping (scopes/excludes a child concept from a broader Maps to relationship). Describes an exception to a mapping, not an equivalence between the concepts themselves.",,
Attribute,Anatomical,Extent of,Extent of (SNOMED),"Spatial qualifier describing location, morphology, or extent.",,
Association,Therapeutic,FDA indication of,FDA indication of (HemOnc),Links therapeutic interventions to clinical indications or contraindications. Example: [Esophageal squamous cell carcinoma] -> [Pembrolizumab],,https://hemonc.org/wiki/HemOncKB_canonical_triples
Association,Administrative,FDA labeling of,FDA labeling of (HemOnc),"Operational link for system billing, metadata, dictionaries, or encounter tracking. Example: [Mutation-specific] -> [Tovorafenib]",,
Association,Therapeutic,FDB Ind - ICD9CM,FDB Indication/Contraindication to ICD-9-CM (FDB),Links therapeutic interventions to clinical indications or contraindications.,,
Composition,Structural,Filling of,Filling material of (SNOMED),Defines the inherent chemical constituents or dosage strength. Example: [Silicone gel] -> [Silicone gel-filled polyurethane foam covered surface breast implant],Represents the material or substance that fills an object.,https://docs.snomed.org/education/snomed-ct-education-editorial-guide/readme/authoring/domain-specific-modeling/physical-object/physical-object-defining-attributes#has-filling
Association,Diagnostic,Finding asso with,Finding associated with (SNOMED),Links diagnostic evidence or tests to a clinical concept/state. Example: [Arthropathy in Behcet's syndrome] -> [Behcet's syndrome],,
Association,Diagnostic,Finding inform of,Finding informer of (SNOMED),Links diagnostic evidence or tests to a clinical concept/state. Example: [Subject of record] -> [Complaining of erectile dysfunction],Specifies the person or other entity from which the clinical finding information was obtained. It is not about the particular individual but about the category or type of informer. It is used to differentiate patient-reported symptoms from provider-determined signs.,https://docs.snomed.org/education/snomed-ct-education-editorial-guide/readme/authoring/domain-specific-modeling/clinical-finding-and-disorder/clinical-finding-defining-attributes#finding-informer
Association,Diagnostic,Finding method of,Finding method of (SNOMED),Links diagnostic evidence or tests to a clinical concept/state. Example: [Palpation of abdomen] -> [On examination - guarding - right iliac],Specifies the means by which a clinical finding was determined. It includes findings that were determined by examination of the patient.,https://docs.snomed.org/education/snomed-ct-education-editorial-guide/readme/authoring/domain-specific-modeling/clinical-finding-and-disorder/clinical-finding-defining-attributes#finding-method
Attribute,Measurement,Flavor of,Flavor of (SNOMED),"Defines metrics, scales, units, and quantitative properties of an observation.",,
Attribute,Anatomical,Focus of,Focus of (SNOMED),"Spatial qualifier describing location, morphology, or extent. Example: [Sickle cell-hemoglobin SS disease] -> [Screening for sickle cell disease]",Has focus (attribute) specifies the Clinical finding or Procedure which is the focus of a procedure. This attribute is self-grouped.,https://docs.snomed.org/education/snomed-ct-education-editorial-guide/readme/authoring/domain-specific-modeling/procedure/procedure-defining-attributes/index#has-focus
Attribute,Temporal,Followed by,Followed by (SNOMED),"Qualifies clinical events by their timing, sequence, or duration. Example: [Vomiting after gastrointestinal tract surgery] -> [Operation on gastrointestinal tract]",,
Attribute,Temporal,Follows,Follows (SNOMED),"Qualifies clinical events by their timing, sequence, or duration. Example: [Sickle cell-hemoglobin SS disease] -> [Acute chest syndrome due to sickle cell-hemoglobin C disease with crisis]",,
Attribute,Pharmaceutical,Form continuity of,Dose form continuity indicator (DM+D),Qualifies physical drug delivery properties or dose forms.,,
Attribute,Pharmaceutical,Form of,Form of (RxNorm),Qualifies physical drug delivery properties or dose forms. Example: [intramuscular immunoglobulin] -> [immunoglobulin G],,
Association,Administrative,Free indicator of,NHS dm+d freenes indicator of,"Operational link for system billing, metadata, dictionaries, or encounter tracking.",,
Association,Administrative,Freq Code - Typ bill,Frequency code to Typ bill Full (UB04),"Operational link for system billing, metadata, dictionaries, or encounter tracking.",,
Association,Therapeutic,Growth factor of,Growth factor of (HemOnc),Links therapeutic interventions to clinical indications or contraindications. Example: [Epoetin beta] -> [Erythropoetin beta and Lenalidomide],,
Association,Therapeutic,Growth factor Rx of,Growth factor Rx of (HemOnc),Links therapeutic interventions to clinical indications or contraindications. Example: [motixafortide] -> [Motixafortide and G-CSF],,
Association,Therapeutic,Had accepted for,Had accepted for (HemOnc),Links therapeutic interventions to clinical indications or contraindications. Example: [MALT lymphoma] -> [Tripotassium dicitratobismuthate],,
Association,Therapeutic,Had accepted use,Had accepted use (HemOnc),Links therapeutic interventions to clinical indications or contraindications. Example: [Stilbamidine] -> [Multiple myeloma],,
Association,Therapeutic,Has AB-drug cjgt,Has antibody-drug conjugate (HemOnc),Links therapeutic interventions to clinical indications or contraindications. Example: [DA 3+8 and GO] -> [Gemtuzumab ozogamicin],,https://hemonc.org/wiki/HemOncKB_canonical_triples
Association,Therapeutic,Has AB-drug cjgt Rx,Has antibody-drug conjugate - RxNorm (HemOnc),Links therapeutic interventions to clinical indications or contraindications. Example: [DA 3+8 and GO] -> [gemtuzumab ozogamicin],,https://hemonc.org/wiki/HemOncKB_canonical_triples
Attribute,Anatomical,Has absorbability,Has absorbability (SNOMED),"Spatial qualifier describing location, morphology, or extent. Example: [Custom-made bioabsorbable polymeric pancreatic stent] -> [Bioabsorbable]",Represents the absorbability aspect of an object.,https://docs.snomed.org/education/snomed-ct-education-editorial-guide/readme/authoring/domain-specific-modeling/physical-object/physical-object-defining-attributes#has-absorbability
Association,Therapeutic,Has accepted use,Has accepted use (HemOnc),Links therapeutic interventions to clinical indications or contraindications. Example: [AC-D] -> [ERBB2 Breast cancer],,https://hemonc.org/wiki/HemOncKB_canonical_triples
Attribute,Procedural,Has access,Has access (SNOMED),"Defines execution technicalities like route of administration, method, or device used. Example: [Percutaneous scraping of tendon sheath] -> [Percutaneous approach]","Access (attribute) describes the route used to access the site of a procedure. It distinguishes open, closed, and percutaneous procedures.",https://docs.snomed.org/education/snomed-ct-education-editorial-guide/readme/authoring/domain-specific-modeling/procedure/procedure-defining-attributes/index
Association,Administrative,Has add monitor ind,Has NHS dm+d (dictionary of medicines and devices) additional monitoring indicator,"Operational link for system billing, metadata, dictionaries, or encounter tracking.",,
Attribute,Procedural,Has admin method,Has dose form administration method (SNOMED),"Defines execution technicalities like route of administration, method, or device used. Example: [Gas for insufflation] -> [Insufflate]",,
Attribute,Pharmaceutical,Has AMP,Has Actual Medicinal Product (SNOMED),Qualifies physical drug delivery properties or dose forms.,,
Attribute,Pharmaceutical,Has AMP restr ind,Has NHS dm+d (dictionary of medicines and devices) AMP (actual medicinal product) availability restriction indicator,Qualifies physical drug delivery properties or dose forms.,,
Composition,Logical,Has Answer,Has Answer,"Conceptual grouping/aggregation of entities (e.g., Q&A, HOI, SMQ, Schema). Example: [SARS-CoV-2 (COVID-19) Ab [Presence] in Serum or Plasma by Immunoassay] -> [Nonreactive]",,
Composition,Logical,Has answer (PPI),Has answer (PPI),"Conceptual grouping/aggregation of entities (e.g., Q&A, HOI, SMQ, Schema). Example: [Did you receive the COVID-19 vaccination?] -> [Not sure]",,
Association,Therapeutic,Has anticoag Rx,Has anticoag Rx (HemOnc),Links therapeutic interventions to clinical indications or contraindications. Example: [Aspirin and Warfarin] -> [warfarin],,https://hemonc.org/wiki/HemOncKB_canonical_triples
Association,Therapeutic,Has anticoag tx,Has anticoag tx (HemOnc),Links therapeutic interventions to clinical indications or contraindications. Example: [Aspirin and Warfarin] -> [Aspirin],,https://hemonc.org/wiki/HemOncKB_canonical_triples
Association,Therapeutic,Has antineopl Rx,Has antineoplastic - RxNorm (HemOnc),Links therapeutic interventions to clinical indications or contraindications. Example: [Amoxicillin and Omemprazole] -> [omeprazole],,https://hemonc.org/wiki/HemOncKB_canonical_triples
Association,Therapeutic,Has antineoplastic,Has antineoplastic (HemOnc),Links therapeutic interventions to clinical indications or contraindications. Example: [Amoxicillin and Omemprazole] -> [Amoxicillin],,https://hemonc.org/wiki/HemOncKB_canonical_triples
Attribute,Procedural,Has approach,Has Approach (SNOMED),"Defines execution technicalities like route of administration, method, or device used.",,
Attribute,Pharmaceutical,Has ARP,Has ARP (SNOMED),Qualifies physical drug delivery properties or dose forms.,,
Association,Diagnostic,Has asso finding,Has associated finding (SNOMED),Links diagnostic evidence or tests to a clinical concept/state. Example: [Elevated blood-pressure reading without diagnosis of hypertension] -> [Hypertensive disorder],,
Association,Diagnostic,Has asso proc,Has associated procedure (SNOMED),"Links evidence, tests, variants, or clinical findings to support diagnostic reasoning. Example: [Counselled by health visitor] -> [Counseling]",,
Attribute,Pharmaceutical,Has basic dose form,Has basic dose form (SNOMED),Qualifies physical drug delivery properties or dose forms. Example: [Gas for insufflation] -> [Gas],,https://docs.snomed.org/education/snomed-ct-education-editorial-guide/readme/authoring/domain-specific-modeling/pharmaceutical-and-biologic-product/index/index/pharmaceutical-dose-form-naming-and-modeling-conventions
Composition,Structural,Has basis str subst,Has basis of strength substance (SNOMED),Defines the inherent chemical constituents or dosage strength. Example: [Calcium oxybate 500 mg/mL and magnesium oxybate 500 mg/mL and potassium oxybate 500 mg/mL and sodium oxybate 500 mg/mL oral solution] -> [Sodium oxybate],,
Identity,Near equivalence,Has biosimilar,Has biosimilar,"Links commercial or contextually similar entities (e.g., brand names, biosimilars, external maps). Example: [Bevacizumab] -> [Bevacizumab-aveg]",,
Identity,Near equivalence,Has brand name,Has brand name (OMOP),"Links commercial or contextually similar entities (e.g., brand names, biosimilars, external maps). Example: [Umifenovir] -> [Zhuangtong]",Connects an ingredient/product to a commercial brand name.,https://github.com/OHDSI/Vocabulary-v5.0/wiki/Vocab.-RXNORM_EXTENSION#result
Hierarchy,Categorical – up,Has CAP parent item,Has CAP parent item,Assigns a concept to a high-level grouping or classification chapter.,,
Hierarchy,Categorical – up,Has CAP protocol,Has CAP protocol,Assigns a concept to a high-level grouping or classification chapter.,,
Attribute,Measurement,Has CAP value,Has CAP value,"Defines metrics, scales, units, and quantitative properties of an observation.",,
Association,Causal,Has causative agent,Has causative agent (SNOMED),"Relates conditions to their biological, pathological, or environmental causes. Example: [Sickle cell-hemoglobin SS disease] -> [Hemoglobin S]","identifies an organism, substance, physical object, physical force, and/or pharmaceutical/biological product as the direct cause of a condition",https://docs.snomed.org/education/snomed-ct-education-editorial-guide/readme/authoring/domain-specific-modeling/clinical-finding-and-disorder/clinical-finding-defining-attributes#causative-agent
Association,Administrative,Has CD category,Has controlled drug category (DM+D),"Operational link for system billing, metadata, dictionaries, or encounter tracking.",,
Attribute,Anatomical,Has chem structure,Has chemical structure (NDF-RT),"Spatial qualifier describing location, morphology, or extent. Example: [CLOTRIMAZOLE 1% SPRAY,TOP] -> [Azoles]",,
Association,Therapeutic,Has CI,Has drug contra-indication (FDB),Links therapeutic interventions to clinical indications or contraindications.,,
Hierarchy,Categorical – down,Has CI chem class,Has contraindicating chemical class (NDF-RT),"Expands a classification group into its constituent members. Example: [SOTALOL 15MG/ML INJ,SOLN,10ML] -> [Cisapride]",,
Association,Therapeutic,Has CI physio effect,Has contraindicating physiological effect (NDF-RT),"Links therapeutic interventions to clinical indications or contraindications. Example: [HYDROMORPHONE 0.2MG/ML/NACL 0.9% INJ,BAG,100ML] -> [Decreased Central Nervous System Organized Electrical Activity]",,
Attribute,Clinical,Has clinical course,Has clinical course (SNOMED),"Qualifies clinical states, statuses (e.g., severity, intent, prescribing status), or general clinical indicators. Example: [Chronic peptic ulcer with hemorrhage AND with perforation but without obstruction] -> [Chronic]",used to represent both the course and onset of a disease or condition,https://docs.snomed.org/education/snomed-ct-education-editorial-guide/readme/authoring/domain-specific-modeling/clinical-finding-and-disorder/clinical-finding-defining-attributes#clinical-course
Composition,Structural,Has coating material,Has coating material (SNOMED),Defines the inherent chemical constituents or dosage strength. Example: [Foley 2-way polytetrafluoroethylene coated latex female length urethral catheter with water filled syringe] -> [Polytetrafluoroethylene],Represents the material with which an object is coated,https://docs.snomed.org/education/snomed-ct-education-editorial-guide/readme/authoring/domain-specific-modeling/physical-object/physical-object-defining-attributes#has-coating-material
Association,Administrative,Has combi prod ind,Has combination product indicator (DM+D),"Operational link for system billing, metadata, dictionaries, or encounter tracking.",,
Composition,Physical,Has comp material,Has compositional material (SNOMED),Physical material assembly or structural part-whole relationship. Example: [Transcatheter biologic tricuspid valve prosthesis] -> [Tissue graft - material],Represents the site where the device is intended to reside in or on the body.,https://docs.snomed.org/education/snomed-ct-education-editorial-guide/readme/authoring/domain-specific-modeling/physical-object/physical-object-defining-attributes#has-compositional-material
Association,Diagnostic,Has complication,Has complication (SNOMED),"Links evidence, tests, variants, or clinical findings to support diagnostic reasoning. Example: [Procedure] -> [Accidental puncture during a procedure on a blood vessel]","Is an unexpected condition, outcome, or adverse event due to another condition, procedure, or treatment.",https://docs.snomed.org/snomed-ct-specifications/snomed-ct-editorial-guide/readme/authoring/domain-specific-modeling/clinical-finding-and-disorder/clinical-finding-and-disorder-modeling/complication-and-sequela-modeling#complication
Composition,Structural,Has conc denom val,Has concentration strength denominator value (SNOMED),Defines the inherent chemical constituents or dosage strength. Example: [Polyvinyl alcohol 1.4% conventional release eye drops] -> [One],,
Composition,Structural,Has conc num val,Has concentration strength numerator value (SNOMED),Defines the inherent chemical constituents or dosage strength. Example: [Polyvinyl alcohol 1.4% conventional release eye drops] -> [Fourteen],,
Composition,Structural,Has count of act ing,Count of active ingredients (SNOMED),Defines the inherent chemical constituents or dosage strength.,,
Composition,Structural,Has denomin value,Has presentation strength denominator value (SNOMED),Defines the inherent chemical constituents or dosage strength. Example: [AbobotulinumtoxinA 500unit lyophilized powder for conventional release solution for injection] -> [One],,
Composition,Structural,Has denominator unit,Has presentation strength denominator unit (SNOMED),Defines the inherent chemical constituents or dosage strength. Example: [Elagolix sodium 300 mg oral capsule] -> [Capsule],,
Attribute,Anatomical,Has Direction,Has Direction,"Spatial qualifier describing location, morphology, or extent. Example: [Additional help outside the hospital (e.g. help with daily activities, self help groups, district nurses)?] -> [Positive]",,
Attribute,Pharmaceutical,Has disp dose form,Has dispensed dose form (SNOMED),Qualifies physical drug delivery properties or dose forms. Example: [Levothyroxine sodium 50 microgram oral tablet] -> [Tablet],,https://docs.snomed.org/education/snomed-ct-education-editorial-guide/readme/authoring/domain-specific-modeling/pharmaceutical-and-biologic-product/index/index/pharmaceutical-dose-form-naming-and-modeling-conventions
Attribute,Pharmaceutical,Has dose form unit,Has unit relating to the size (DM+D),Qualifies physical drug delivery properties or dose forms. Example: [Levothyroxine sodium 50 microgram oral tablet] -> [Tablet - unit of product usage],,
Attribute,Temporal,Has end date,Has end date,"Qualifies clinical events by their timing, sequence, or duration. Example: [Phase III Radiation Treatment Modality] -> [RX Date Rad Ended]",,
Association,Therapeutic,Has endocrine tx,Has endocrine therapy (HemOnc),"Links therapeutic interventions to clinical indications or contraindications. Example: [Anastrozole, Lapatinib, Trastuzumab] -> [Anastrozole]",,https://hemonc.org/wiki/HemOncKB_canonical_triples
Association,Therapeutic,Has FDA indication,Has FDA indication (HemOnc),Links therapeutic interventions to clinical indications or contraindications. Example: [Brexucabtagene autoleucel] -> [B-cell acute lymphoblastic leukemia],,https://hemonc.org/wiki/HemOncKB_canonical_triples
Composition,Structural,Has filling,Has filling (SNOMED),Defines the inherent chemical constituents or dosage strength. Example: [Saline-filled smooth breast implant] -> [Sodium chloride],Represents the material or substance that fills an object.,https://docs.snomed.org/education/snomed-ct-education-editorial-guide/readme/authoring/domain-specific-modeling/physical-object/physical-object-defining-attributes#has-filling
Attribute,Pharmaceutical,Has form,Has form (RxNorm),"Qualifies physical drug delivery properties or dose forms. Example: [hepatitis B surface antigen vaccine] -> [hepatitis B surface antigen (isoform S), recombinant]",,
Attribute,Pharmaceutical,Has form continuity,Has dose form continuity indicator (DM+D),Qualifies physical drug delivery properties or dose forms.,,
Attribute,Anatomical,Has Histology ICDO,Has Histology ICDO,"Spatial qualifier describing location, morphology, or extent. Example: [Carcinoma, metastatic, NOS, of lymph nodes of inguinal region or leg] -> [Carcinoma, metastatic, NOS]",,
Attribute,Procedural,Has indir device,Has indirect device (SNOMED),"Defines execution technicalities like route of administration, method, or device used. Example: [Implantation of automatic cardioverter/defibrillator pulse generator only] -> [Implantable defibrillator]","Indirect device (attribute) represents action on something that is located in or on a device, but is not directly on the device itself. This attribute is infrequently needed. When modeling, carefully consider its use.",https://docs.snomed.org/education/snomed-ct-education-editorial-guide/readme/authoring/domain-specific-modeling/procedure/procedure-defining-attributes/index#indirect-device
Attribute,Anatomical,Has inherent loc,Has inherent location (SNOMED),"Spatial qualifier describing location, morphology, or extent. Example: [Length of primary malignant neoplasm of prostate in resected prostate specimen] -> [Prostatic structure]",Specify a body site or other location of the independent continuant in which the property exists.,https://docs.snomed.org/education/snomed-ct-education-editorial-guide/readme/authoring/domain-specific-modeling/observable-entity/observable-entity-defining-attributes#inherent-location
Association,Diagnostic,Has interpretation,Has interpretation (SNOMED),Links diagnostic evidence or tests to a clinical concept/state. Example: [Sickle cell-hemoglobin SS disease] -> [Below reference range],"Refers to and designates the judgment aspect being evaluated or interpreted (e.g., presence, absence, degree, normality, abnormality, etc.). ",https://docs.snomed.org/education/snomed-ct-education-editorial-guide/readme/authoring/domain-specific-modeling/clinical-finding-and-disorder/clinical-finding-defining-attributes#has-interpretation
Association,Therapeutic,Has investig use,Has investigational use (HemOnc),Links therapeutic interventions to clinical indications or contraindications. Example: [Dalpiciclib] -> [Breast cancer],,
Hierarchy,Categorical – down,Has kind,Has kind (LOINC),Expands a classification group into its constituent members. Example: [COVID-19 Intubation Consultation note] -> [Note],,https://github.com/OHDSI/Vocabulary-v5.0/wiki/Vocab.-LOINC#relationships
Hierarchy,Categorical – up,Has legal category,Has legal category (SNOMED),Assigns a concept to a high-level grouping or classification chapter.,,
Attribute,Clinical,Has life circumstan,Has life circumstance (SNOMED Vet),"Qualifies clinical states, statuses (e.g., severity, intent, prescribing status), or general clinical indicators. Example: [Asian sea bass] -> [Lives in water]",,
Association,Therapeutic,Has local therapy,Has local therapy (HemOnc),"Links therapeutic interventions to clinical indications or contraindications. Example: [Doxorubicin, Pegaspargase, Vincristine, Prednisone] -> [Hydrocortisone]",,https://hemonc.org/wiki/HemOncKB_canonical_triples
Association,Diagnostic,Has manifestation,Has definitional manifestation (SNOMED),"Links evidence, tests, variants, or clinical findings to support diagnostic reasoning. Example: [Bilateral pseudophakia] -> [Finding of artificial lens]",,
Attribute,Pharmaceutical,Has marketed form,Has marketed form (OMOP),Qualifies physical drug delivery properties or dose forms. Example: [hepatitis B immune globulin 200 UNT/ML Injectable Solution] -> [10 ML hepatitis B immune globulin 200 UNT/ML Injectable Solution [HEPABIG] by Greencross],Identifies the version of the drug that is marketed.,https://github.com/OHDSI/Vocabulary-v5.0/wiki/Vocab.-RXNORM_EXTENSION#result
Association,Mechanistic,Has metabolism,Has site of metabolism (NDF-RT),Links substances to functional biological pathways or mechanisms. Example: [METOPROLOL TARTRATE 37.5MG TAB] -> [Hepatic Metabolism],,
Association,Mechanistic,Has metabolites,Has active metabolites (NDF-RT),Links substances to functional biological pathways or mechanisms. Example: [AMITRIPTYLINE HYDROCHLORIDE] -> [Nortriptyline],,
Attribute,Procedural,Has method,Has method,"Defines execution technicalities like route of administration, method, or device used. Example: [Tc-99 MIBI (technetium 99m methoxyisobutylisonitrile) parathyroid subtraction study] -> [Radionuclide imaging - action]","Defines the action or technique used (e.g., Excision).",https://github.com/OHDSI/Vocabulary-v5.0/wiki/Vocab.-SNOMED#attribute-relationships
Attribute,Procedural,Has modality,Has modality (HemOnc),"Defines execution technicalities like route of administration, method, or device used. Example: [AC-D] -> [Chemotherapy]",,
Composition,Structural,Has numerator unit,Has presentation strength numerator unit (SNOMED),Defines the inherent chemical constituents or dosage strength. Example: [Elagolix sodium 300 mg oral capsule] -> [mg],,
Composition,Structural,Has numerator value,Has presentation strength numerator value (SNOMED),Defines the inherent chemical constituents or dosage strength. Example: [AbobotulinumtoxinA 500unit lyophilized powder for conventional release solution for injection] -> [Five hundred],,
Association,Therapeutic,Has occurrence,Has occurrence (SNOMED),Links therapeutic interventions to clinical indications or contraindications. Example: [Sickle cell-hemoglobin SS disease] -> [Congenital],"Occurrence (attribute) is applied to procedures during a period of life. For example, procedures related to the gravid uterus should be modeled by the combination of the occurrence of the maternal pregnancy period and the uterus.",https://docs.snomed.org/education/snomed-ct-education-editorial-guide/readme/authoring/domain-specific-modeling/procedure/procedure-defining-attributes/index#occurrence
Association,Therapeutic,Has off-label ind,Has off-label drug indication (FDB),Links therapeutic interventions to clinical indications or contraindications.,,
Attribute,Pharmaceutical,Has ontological form,Has ontological dose form presentation (DM+D),Qualifies physical drug delivery properties or dose forms.,,
Composition,Containment,Has pack,Has pack (SNOMED),Links items to their physical packaging or multi-item kit groupings.,,
Hierarchy,Categorical – down,Has parent item,Has parent item (NAACCR),Expands a classification group into its constituent members. Example: [Regional Nodes Positive] -> [Primary Site],,
Composition,Physical,Has part of,Has part of (SNOMED),Physical material assembly or structural part-whole relationship. Example: [Promyelomonocyte] -> [Structure of myelopoietic tissue],,
Association,Therapeutic,Has PDC Rx,Has PDC - RxNorm (HemOnc),Links therapeutic interventions to clinical indications or contraindications. Example: [Melphalan flufenamide and Dexamethasone] -> [melphalan flufenamide],,
Attribute,Measurement,Has permiss range,Has permissible range,"Defines metrics, scales, units, and quantitative properties of an observation. Example: [Regional Nodes Positive] -> [1 - 89 nodes positive (code exact number of nodes positive)]",,
Hierarchy,Categorical – up,Has PPI parent code,Has PPI parent code,Assigns a concept to a high-level grouping or classification chapter. Example: [1] -> [How many doses of the vaccine did you receive?],,
Composition,Logical,Has precoord pair,Has precoordinated (Question-Answer/Variable-Value) pair,"Conceptual grouping/aggregation of entities (e.g., Q&A, HOI, SMQ, Schema). Example: [EuroQol five dimension three level self-care score] -> [EuroQol five dimension three level self-care score: 2 (I have some problems washing or dressing myself)]",,
Attribute,Clinical,Has priority,Has priority (SNOMED),"Qualifies clinical states, statuses (e.g., severity, intent, prescribing status), or general clinical indicators. Example: [Emergency operation following delivery] -> [Emergency]",Priority (attribute) is used when a procedure concept specifies a priority. This attribute is self-grouped.,https://docs.snomed.org/education/snomed-ct-education-editorial-guide/readme/authoring/domain-specific-modeling/procedure/procedure-defining-attributes/index#priority
Composition,Physical,Has product comp,Has product component (NDF-RT),"Physical material assembly or structural part-whole relationship. Example: [HYDROGEN PEROXIDE 3% SPRAY,TOP] -> [HYDROGEN PEROXIDE]",,
Composition,Structural,Has radioconjugate,Has radioconjugate (HemOnc),"Defines the inherent chemical constituents or dosage strength. Example: [Busulfan, Fludarabine, Ibritumomab tiuxetan] -> [Ibritumomab tiuxetan]",,https://hemonc.org/wiki/HemOncKB_canonical_triples
Hierarchy,Categorical – up,Has recipient cat,Has recipient category (SNOMED),Assigns a concept to a high-level grouping or classification chapter. Example: [Removal of organ from cadaver] -> [Cadaver donor],Recipient category (attribute) specifies the type of individual or group upon which the action of the procedure is performed.,https://docs.snomed.org/education/snomed-ct-education-editorial-guide/readme/authoring/domain-specific-modeling/procedure/procedure-defining-attributes/index#recipient-category
Association,Therapeutic,Has regimen type,Has regimen type (HemOnc),Links therapeutic interventions to clinical indications or contraindications.,,
Attribute,Measurement,Has scale type,Has scale type,"Defines metrics, scales, units, and quantitative properties of an observation. Example: [SARS-CoV-2 (COVID-19) Ab [Presence] in Serum or Plasma by Immunoassay] -> [Ord]",,
Association,Diagnostic,Has specimen proc,Has specimen procedure (SNOMED),"Links evidence, tests, variants, or clinical findings to support diagnostic reasoning. Example: [Swab from bite wound] -> [Taking of swab]",Identifies the procedure by which a specimen is obtained.,https://docs.snomed.org/education/snomed-ct-education-editorial-guide/readme/authoring/domain-specific-modeling/specimen/specimen-defining-attributes#specimen-procedure
Association,Diagnostic,Has specimen topo,Has specimen source topography (SNOMED),"Links evidence, tests, variants, or clinical findings to support diagnostic reasoning. Example: [Cervicovaginal washout fluid sample] -> [Vaginal cervix]",,
Attribute,Pharmaceutical,Has standard form,Has standard Dose Form (OMOP),Qualifies physical drug delivery properties or dose forms.,,
Attribute,Temporal,Has start date,Has start date,"Qualifies clinical events by their timing, sequence, or duration. Example: [Regional Nodes Positive] -> [Date of Diagnosis]",,
Association,Therapeutic,Has steroid tx,Has steroid therapy (HemOnc),Links therapeutic interventions to clinical indications or contraindications. Example: [Dara-KRd] -> [Dexamethasone],,https://hemonc.org/wiki/HemOncKB_canonical_triples
Association,Therapeutic,Has steroid tx Rx,Has steroid therapy - RxNorm (HemOnc),Links therapeutic interventions to clinical indications or contraindications. Example: [Dara-KRd] -> [dexamethasone],,https://hemonc.org/wiki/HemOncKB_canonical_triples
Association,Diagnostic,Has sub-specimen,Includes sub-specimen (SNOMED Vet),"Links evidence, tests, variants, or clinical findings to support diagnostic reasoning. Example: [Pooled cloacal/oropharyngeal swab] -> [Cloacal swab]",,
Hierarchy,Categorical – up,Has subject matter,Has subject matter domain (LOINC),Assigns a concept to a high-level grouping or classification chapter. Example: [Critical care medicine COVID-19 Consultation note] -> [Critical care medicine],,https://github.com/OHDSI/Vocabulary-v5.0/wiki/Vocab.-LOINC#relationships
Association,Administrative,Has supplier,Has supplier or manufacturer (OMOP),"Operational link for system billing, metadata, dictionaries, or encounter tracking. Example: [pyridoxine 100 MG/ML Injection by Hospira] -> [Hospira]",,
Association,Therapeutic,Has support med Rx,Has supportive medication - RxNorm (HemOnc),Links therapeutic interventions to clinical indications or contraindications. Example: [AVML] -> [leucovorin],,
Association,Therapeutic,Has supportive med,Has supportive medication (HemOnc),Links therapeutic interventions to clinical indications or contraindications. Example: [AVML] -> [Leucovorin],,https://hemonc.org/wiki/HemOncKB_canonical_triples
Attribute,Anatomical,Has surface char,Has surface characteristic (SNOMED),"Spatial qualifier describing location, morphology, or extent. Example: [Textured] -> [Silicone gel-filled textured breast implant]",,
Association,Therapeutic,Has synth regimen,Has synthetic regimen (HemOnc),"Links therapeutic interventions to clinical indications or contraindications. Example: [Anastrozole, Lapatinib, Trastuzumab] -> [Anastrozole, Lapatinib, Trastuzumab-pkrb]",,
Attribute,Anatomical,Has system,Has system,"Spatial qualifier describing location, morphology, or extent. Example: [SARS-CoV-2 (COVID-19) Ab [Presence] in Serum or Plasma by Immunoassay] -> [Serum or Plasma]",,
Attribute,Clinical,Has targ population,Has target population (SNOMED),"Qualifies clinical states, statuses (e.g., severity, intent, prescribing status), or general clinical indicators. Example: [Acellular Bordetella pertussis, Clostridium tetani toxoid, Corynebacterium diphtheriae toxoid, Haemophilus influenzae type b conjugated, Hepatitis B virus and inactivated Human poliovirus antigens only pediatric vaccine product] -> [Pediatric population]",,
Association,Therapeutic,Has targeted therapy,Has targeted therapy (HemOnc),"Links therapeutic interventions to clinical indications or contraindications. Example: [Anastrozole, Lapatinib, Trastuzumab] -> [Trastuzumab]",,https://hemonc.org/wiki/HemOncKB_canonical_triples
Attribute,Procedural,Has technique,Has technique (SNOMED),"Defines execution technicalities like route of administration, method, or device used. Example: [Personal Wellbeing Score rating] -> [Personal Wellbeing Score rating scale]",Specify the systematic method of an observation.,
Hierarchy,Categorical – down,Has type,Has type,Expands a classification group into its constituent members. Example: [Regional Nodes Positive] -> [Numeric],,
Attribute,Measurement,Has unit of presen,Has unit of presentation (SNOMED),"Defines metrics, scales, units, and quantitative properties of an observation. Example: [Elagolix sodium 300 mg oral capsule] -> [Capsule]",,
Association,Diagnostic,Has variant,Reference to variant,"Links evidence, tests, variants, or clinical findings to support diagnostic reasoning. Example: [Hemolytic disease of fetus OR newborn due to ABO immunization] -> [ABO protein expression measurement]",,
Attribute,Pharmaceutical,Has VMP,Has Virtual Medicinal Product (SNOMED),Qualifies physical drug delivery properties or dose forms.,,
Attribute,Pharmaceutical,Has VRP,Has VRP (SNOMED),Qualifies physical drug delivery properties or dose forms.,,
Association,Therapeutic,HC indication of,HC indication of (HemOnc),Links therapeutic interventions to clinical indications or contraindications. Example: [B-cell acute lymphoblastic leukemia pediatric] -> [Blinatumomab],,https://hemonc.org/wiki/HemOncKB_canonical_triples
Association,Administrative,HCPCS - SNOMED proc,HCPCS is a SNOMED procedure (OMOP),"Operational link for system billing, metadata, dictionaries, or encounter tracking.",,
Association,Therapeutic,Hist adult indic for,Historical adult indication for (HemOnc),Links therapeutic interventions to clinical indications or contraindications. Example: [MALT lymphoma] -> [Chlorambucil monotherapy],,https://hemonc.org/wiki/HemOncKB_canonical_triples
Association,Therapeutic,Hist ped indic for,Historical pediatric indication for (HemOnc),"Links therapeutic interventions to clinical indications or contraindications. Example: [Acute myeloid leukemia pediatric] -> [Cytarabine, Doxorubicin, Vincristine, Prednisolone]",,https://hemonc.org/wiki/HemOncKB_canonical_triples
Attribute,Anatomical,Histology of ICDO,Histology of ICDO,"Spatial qualifier describing location, morphology, or extent. Example: [Myofibroblastic sarcoma] -> [Myofibroblastic sarcoma of overlapping lesion of larynx]",,
Association,Therapeutic,Historic treated by,Historically treated by (HemOnc),Links therapeutic interventions to clinical indications or contraindications.,,https://hemonc.org/wiki/HemOncKB_canonical_triples
Composition,Logical,HOI - MedDRA,HOI contains MedDRA (OMOP),"Conceptual grouping/aggregation of entities (e.g., Q&A, HOI, SMQ, Schema).",,
Composition,Logical,HOI - SNOMED,HOI contains SNOMED (OMOP),"Conceptual grouping/aggregation of entities (e.g., Q&A, HOI, SMQ, Schema). Example: [OMOP Angioedema 1] -> [Angioedema]",,
Association,Mapping,ICD9CM - MedDRA,ICD-9-CM to MedDRA (MSSO),"This bridges adverse-event terminology (MedDRA) and diagnosis codes (ICD9CM), two systems built for different purposes and at different granularity. It is a lossy cross-vocabulary mapping, not a guaranteed 1:1 correspondence.",,
Association,Mapping,ICDO - SNOMED,ICDO - SNOMED,"ICDO is a coarse topography and morphology coding system for cancer registries, while SNOMED is fine-grained clinical terminology. This is a lossy cross-vocabulary mapping, the same shape as OPCS4-SNOMED, not a guaranteed 1:1 correspondence.",,
Hierarchy,Taxonomic – up,ICDO br to OncoTree,ICDO broader to OncoTree,"Inheritance link generalizing to a broader parent. Example: [Intraductal papilloma of pancreas, NOS] -> [Intraductal Oncocytic Papillary Neoplasm (IOPN)]",,
Hierarchy,Categorical – up,ICDO to Chapter,ICDO to Chapter,Assigns a concept to a high-level grouping or classification chapter.,,
Association,Diagnostic,ICDO to Proc Schema,ICDO Condition to Procedure Schema (NAACCR),"Links evidence, tests, variants, or clinical findings to support diagnostic reasoning. Example: [Mixed tumor, malignant, NOS, of unknown primary site] -> [Unknown And Ill-Defined Primary Sites]",,
Hierarchy,Categorical – up,ICDO to Schema,ICDO Condition to Schema (NAACCR),"Assigns a concept to a high-level grouping or classification chapter. Example: [Mixed tumor, malignant, NOS, of unknown primary site] -> [Other and Ill-Defined Sites, Unknown Primary Site]",,
Association,Administrative,Incipient of,Incipient of (DM+D),"Operational link for system billing, metadata, dictionaries, or encounter tracking.",,
Association,Administrative,Included in map from,Standard to Non-standard include child (OMOP),"OMOP-internal mapping-exception bookkeeping (scopes/includes a child concept in a broader Maps to relationship). Describes an exception to a mapping, not an equivalence between the concepts themselves.",,
Hierarchy,Categorical – up,Inferred class of,Inferred drug class of (OMOP),Assigns a concept to a high-level grouping or classification chapter.,,
Attribute,Anatomical,Inherent location of,Inherent location of (SNOMED),"Spatial qualifier describing location, morphology, or extent. Example: [Proximal surgical margin] -> [Histologic grade of dysplasia at proximal surgical margin]",Specify a body site or other location of the independent continuant in which the property exists.,https://docs.snomed.org/education/snomed-ct-education-editorial-guide/readme/authoring/domain-specific-modeling/observable-entity/observable-entity-defining-attributes#inherent-location
Association,Interaction,Inhibits effect,Inhibits effect (NDF-RT),Defines safety or therapeutic interference between agents. Example: [CYPROHEPTADINE] -> [FLUOXETINE HCL 20MG CAP],,
Association,Diagnostic,Interpretation of,Interpretation of (SNOMED),Links diagnostic evidence or tests to a clinical concept/state. Example: [Negative] -> [Rubella non-immune],"Refers to and designates the judgment aspect being evaluated or interpreted (e.g., presence, absence, degree, normality, abnormality, etc.). ",https://docs.snomed.org/education/snomed-ct-education-editorial-guide/readme/authoring/domain-specific-modeling/clinical-finding-and-disorder/clinical-finding-defining-attributes#has-interpretation
Association,Therapeutic,Is CI of,Is contra-indication of (FDB),Links therapeutic interventions to clinical indications or contraindications.,,
Association,Therapeutic,Is current in,Is currently used in (HemOnc),Links therapeutic interventions to clinical indications or contraindications.,,
Association,Therapeutic,Is FDA-appr ind of,Is FDA-approved indication of (FDB),Links therapeutic interventions to clinical indications or contraindications.,,
Association,Therapeutic,Is hist in adult,Is historical in adult (HemOnc),Links therapeutic interventions to clinical indications or contraindications. Example: [AC-D] -> [Breast cancer],,https://hemonc.org/wiki/HemOncKB_canonical_triples
Association,Therapeutic,Is hist in ped,Is historical in pediatric (HemOnc),Links therapeutic interventions to clinical indications or contraindications. Example: [ABVE] -> [Classical Hodgkin lymphoma pediatric],,
Association,Therapeutic,Is historical in,Is historically used in (HemOnc),Links therapeutic interventions to clinical indications or contraindications.,,
Identity,Near equivalence,Is standard brand of,Is standard Brand Name of (OMOP),"Links commercial or contextually similar entities (e.g., brand names, biosimilars, external maps).",,
Attribute,Pharmaceutical,Is standard form of,Is standard Dose Form of (OMOP),Qualifies physical drug delivery properties or dose forms.,,
Attribute,Pharmaceutical,Is sterile,Is sterile (SNOMED),Qualifies physical drug delivery properties or dose forms. Example: [Polyurethane foam sterile film dressing with non-adhesive border] -> [True],Represents the sterility quality (e.g. sterile or non-sterile) of an object.,https://docs.snomed.org/education/snomed-ct-education-editorial-guide/readme/authoring/domain-specific-modeling/physical-object/physical-object-defining-attributes#is-sterile
Attribute,Pharmaceutical,Is sterile of,Is sterile of (SNOMED),"Qualifies physical drug delivery properties or dose forms. Example: [True] -> [Tracheostomy tube cannula cleaning swab, sterile]",Represents the sterility quality (e.g. sterile or non-sterile) of an object.,https://docs.snomed.org/education/snomed-ct-education-editorial-guide/readme/authoring/domain-specific-modeling/physical-object/physical-object-defining-attributes#is-sterile
Association,Mechanistic,Is transcribed from,mRNA is transcribed from genomic DNA,Links substances to functional biological pathways or mechanisms. Example: [APC transcript: Deletion in position 3317 measurement] -> [APC on GRCh38 chr5: Deletion in position 112838911 measurement],,
Attribute,Clinical,Kind of,Kind of (LOINC),"Qualifies clinical states, statuses (e.g., severity, intent, prescribing status), or general clinical indicators. Example: [Agreement] -> [Mental health Agreement]",,https://github.com/OHDSI/Vocabulary-v5.0/wiki/Vocab.-LOINC#relationships
Hierarchy,Categorical – up,Legal category of,Legal category of (SNOMED),Assigns a concept to a high-level grouping or classification chapter.,,https://github.com/OHDSI/Vocabulary-v5.0/wiki/Vocab.-LOINC#relationships
Attribute,Procedural,Licensed route of,Licensed route of (DM+D),"Defines execution technicalities like route of administration, method, or device used.",,https://github.com/OHDSI/Vocabulary-v5.0/wiki/Vocab.-LOINC#relationships
Attribute,Clinical,Life circumstan of,Life circumstance (SNOMED Vet),"Qualifies clinical states, statuses (e.g., severity, intent, prescribing status), or general clinical indicators. Example: [Used as breeding stock] -> [Breeding queen]",,https://github.com/OHDSI/Vocabulary-v5.0/wiki/Vocab.-LOINC#relationships
Association,Therapeutic,Local therapy of,Local therapy of (HemOnc),Links therapeutic interventions to clinical indications or contraindications. Example: [Carboplatin] -> [TACE monotherapy],,https://hemonc.org/wiki/HemOncKB_canonical_triples
Identity,Version lineage,LOINC replaced by,Concept replaced by (LOINC),Handles lifecycle transitions and deprecated concept history.,,
Identity,Version lineage,LOINC replaces,Concept replaces (LOINC),Handles lifecycle transitions and deprecated concept history.,,
Association,Diagnostic,Manifestation of,Definitional manifestation of (SNOMED),"Links evidence, tests, variants, or clinical findings to support diagnostic reasoning. Example: [Diarrhea] -> [Neonatal calf diarrhoea]",,
Association,Administrative,Map excludes child,Non-standard to Standard exclude child (OMOP),"OMOP-internal mapping-exception bookkeeping (scopes/excludes a child concept from a broader Maps to relationship). Describes an exception to a mapping, not an equivalence between the concepts themselves.",,
Association,Administrative,Map includes child,Non-standard to Standard include child (OMOP),"OMOP-internal mapping-exception bookkeeping (scopes/includes a child concept in a broader Maps to relationship). Describes an exception to a mapping, not an equivalence between the concepts themselves.",,
Identity,Exact equivalence,Mapped from,Standard to Non-standard map (OMOP),Direct semantic identity or mapping rule across different vocabularies. Example: [Emergency Room and Inpatient Visit] -> [Emergency Room and Inpatient Visit],,
Identity,Exact equivalence,Maps to,Non-standard to Standard map (OMOP),Direct semantic identity or mapping rule across different vocabularies. Example: [Emergency Room and Inpatient Visit] -> [Emergency Room and Inpatient Visit],,
Identity,Exact equivalence,Maps to number,Non-standard to value_as_number map (OMOP),Direct semantic identity or mapping rule across different vocabularies.,,
Identity,Exact equivalence,Maps to operator,Non-standard to operator concept map (OMOP),Direct semantic identity or mapping rule across different vocabularies.,,
Identity,Exact equivalence,Maps to type,Non-standard to type concept map (OMOP),Direct semantic identity or mapping rule across different vocabularies.,,
Identity,Exact equivalence,Maps to unit,Non-standard to unit concept map (OMOP),Direct semantic identity or mapping rule across different vocabularies. Example: [Most recent bowel cancer screening] -> [year],,
Identity,Exact equivalence,Maps to value,Non-standard to value_as_concept map (OMOP),Direct semantic identity or mapping rule across different vocabularies. Example: [Other medical devices associated with adverse incidents] -> [Clinical equipment and/or device],,https://github.com/OHDSI/Vocabulary-v5.0/wiki/Vocab.-PPI#concept-relationships
Association,Interaction,May be inhibited by,Effect may be inhibited by (NDF-RT),Defines safety or therapeutic interference between agents. Example: [FLUOXETINE] -> [CYPROHEPTADINE],,
Association,Therapeutic,May be prevented by,May be prevented by (NDF-RT),Links therapeutic interventions to clinical indications or contraindications. Example: [Invasive Fungal Infections] -> [DOMPERIDONE],,
Attribute,Procedural,May have route,May have route (HemOnc),"Defines execution technicalities like route of administration, method, or device used. Example: [Acetazolamide] -> [Oral]",,
Association,Administrative,MDC cat - DRG,MDC category to DRG (CMS),"Operational link for system billing, metadata, dictionaries, or encounter tracking. Example: [Ungroupable] -> [Heart transplant or implant of heart assist system w MCC]",,
Association,Mechanistic,Metabolism of,Site of metabolism of (NDF-RT),"Links substances to functional biological pathways or mechanisms. Example: [Hepatic Metabolism] -> [WARFARIN NA 2.5MG TAB,UD]",,
Association,Mechanistic,Metabolite of,Active metabolite of (NDF-RT),"Links substances to functional biological pathways or mechanisms. Example: [Morphine] -> [CODEINE PO4 15MG/5ML SOLN,ORAL]",,
Attribute,Procedural,Modality of,Modality of (Hemonc),"Defines execution technicalities like route of administration, method, or device used. Example: [Antibody-drug conjugate therapy] -> [Azacitidine, Vorinostat, Gemtuzumab ozogamicin]",,
Composition,Structural,Modification of,Is modification of (SNOMED),"A salt/ester/hydrate structural relationship between a substance and its modified form, not a deprecated-concept link. Example: [Trilaciclib dihydrochloride] -> [Trilaciclib]",,
Hierarchy,Categorical – up,Module of,Module of,Assigns a concept to a high-level grouping or classification chapter. Example: [US National Library of Medicine maintained module] -> [Open fracture of shaft of second metacarpal bone of left hand],,
Composition,Structural,Multilex has ing,Has ingredient (Multilex),Defines the inherent chemical constituents or dosage strength.,,
Identity,Exact equivalence,NDFRT - RxNorm name,NDF-RT to RxNorm equivalent by concept_name (OMOP),"Explicitly tagged as equivalent, representing exact semantic identity. Example: [ANTITHROMBIN III] -> [antithrombin III]",,
Attribute,Pharmaceutical,NDFRT has dose form,Has dose form (NDF-RT),"Qualifies physical drug delivery properties or dose forms. Example: [HYDROGEN PEROXIDE 3% SPRAY,TOP] -> [Topical Spray]",,
Hierarchy,Categorical – up,Nebraska-CAP cat,Nebraska Lexicon to CAP category,Assigns a concept to a high-level grouping or classification chapter.,,
Association,Therapeutic,NMPA indication of,NMPA indication of (HemOnc),Links therapeutic interventions to clinical indications or contraindications. Example: [Non-small cell lung cancer nonsquamous] -> [Tislelizumab],,https://hemonc.org/wiki/HemOncKB_canonical_triples
Attribute,Clinical,Non-avail ind of,VMP non-availability indicator of (SNOMED),"Qualifies clinical states, statuses (e.g., severity, intent, prescribing status), or general clinical indicators.",,
Association,Administrative,NUCC - CMS Specialty,NUCC to CMS Specialty (CMS),"Operational link for system billing, metadata, dictionaries, or encounter tracking.",,
Identity,Exact equivalence,Number mapped from,Value_as_number to non-standard map (OMOP),Direct semantic identity or mapping rule across different vocabularies.,,
Composition,Structural,Numerator unit of,Presentation strength numerator unit of (SNOMED),Defines the inherent chemical constituents or dosage strength. Example: [Million unit] -> [Product containing precisely lenograstim 13.4 million unit/1 vial powder for conventional release solution for injection],,
Composition,Structural,Numerator value of,Presentation strength numerator value of (SNOMED),Defines the inherent chemical constituents or dosage strength. Example: [Eight thousand] -> [Product containing precisely epoetin alfa 8000 unit/0.8 milliliter conventional release solution for injection syringe],,
Association,Therapeutic,Occurrence of,Occurrence of (SNOMED),Links therapeutic interventions to clinical indications or contraindications. Example: [Childhood - period] -> [Benign occipital epilepsy of childhood - late onset variant],"Occurrence (attribute) is applied to procedures during a period of life. For example, procedures related to the gravid uterus should be modeled by the combination of the occurrence of the maternal pregnancy period and the uterus.",https://docs.snomed.org/education/snomed-ct-education-editorial-guide/readme/authoring/domain-specific-modeling/procedure/procedure-defining-attributes/index#occurrence
Attribute,Temporal,Occurs after,Occurs after (SNOMED),"Qualifies clinical events by their timing, sequence, or duration. Example: [Vomiting after gastrointestinal tract surgery] -> [Operation on gastrointestinal tract]",,
Association,Mapping,OPCS4 - SNOMED,OPCS4 to SNOMED equivalent or categorical (NHS),"Per its own r_name, this bundles true 1:1 equivalences together with loose categorical or broader mappings, used when no clean OPCS4-to-SNOMED equivalent exists. It is a no-clean-mapping fallback, not a trustworthy equivalence.",,
Identity,Exact equivalence,Operator mapped from,Operator concept to non-standard map (OMOP),Direct semantic identity or mapping rule across different vocabularies.,,
Association,Administrative,Paral imprt ind,Has NHS dm+d parallel import indicator,"Operational link for system billing, metadata, dictionaries, or encounter tracking.",,
Association,Administrative,Paral imprt of,NHS dm+d parallel import indicator of,"Operational link for system billing, metadata, dictionaries, or encounter tracking.",,
Attribute,Measurement,Permiss range of,Permissible range of,"Defines metrics, scales, units, and quantitative properties of an observation. Example: [0-120] -> [Age at Diagnosis]",,
Composition,Containment,Pharma prep in,Pharmaceutical preparation contained in (NDF),Links items to their physical packaging or multi-item kit groupings.,,
Association,Mechanistic,Physiol effect by,Physiological effect induced by (NDF-RT),"Links substances to functional biological pathways or mechanisms. Example: [Increased Diuresis at Loop of Henle] -> [FUROSEMIDE 1MG/ML/NACL 0.9%INJ,SOLN,BAG,100ML]",,
Association,Mechanistic,Physiol state of,Physiologic state of (SNOMED Vet),Links substances to functional biological pathways or mechanisms. Example: [Male] -> [Adult male dog for breeding],,
Association,Mechanistic,PK of,Pharmacokinetics of (NDF-RT),"Links substances to functional biological pathways or mechanisms. Example: [Hepatic Metabolism] -> [IBUPROFEN 50MG/1.25ML SUSP,ORAL]",,
Association,Therapeutic,PMDA indication of,PMDA indication of (HemOnc),Links therapeutic interventions to clinical indications or contraindications. Example: [Esophageal squamous cell carcinoma] -> [Pembrolizumab],,https://hemonc.org/wiki/HemOncKB_canonical_triples
Association,Administrative,PoS - Visit cat,Place of Service to Visit category (OMOP),"Operational link for system billing, metadata, dictionaries, or encounter tracking.",,
Hierarchy,Categorical – up,PPI parent code of,PPI parent code of,Assigns a concept to a high-level grouping or classification chapter. Example: [Did you receive the COVID-19 vaccination?] -> [Which vaccine did you receive?],,
Attribute,Temporal,Precondition of,Precondition of (SNOMED),"Qualifies clinical events by their timing, sequence, or duration. Example: [Fistula of intestine] -> [Volume of drainage of intestinal fistula]","Specify body state, timing, challenges, or other situations that must be true of the entity to be observed.",https://docs.snomed.org/education/snomed-ct-education-editorial-guide/readme/authoring/domain-specific-modeling/observable-entity/observable-entity-defining-attributes#precondition
Composition,Logical,Precoord pair of,Precoordinated (Question-Answer/Variable-Value) pair of,"Conceptual grouping/aggregation of entities (e.g., Q&A, HOI, SMQ, Schema). Example: [RASS scale: +4 (Combative)] -> [Richmond Agitation-Sedation Scale]",,
Attribute,Procedural,Proc device of,Procedure device of (SNOMED),"Defines execution technicalities like route of administration, method, or device used. Example: [Echoendoscope] -> [Endoscopic ultrasonography guided fine needle aspiration]","Procedure device (attribute) is used to model devices associated with a procedure. This attribute is used to define high-level, general concepts that aggregate procedures according to the device involved.",https://docs.snomed.org/education/snomed-ct-education-editorial-guide/readme/authoring/domain-specific-modeling/procedure/procedure-defining-attributes/index#procedure-device
Association,Diagnostic,Proc duration of,Process duration of,"Links evidence, tests, variants, or clinical findings to support diagnostic reasoning. Example: [6 minutes] -> [6 minute walk test distance]",,
Composition,Logical,Proc Schema to ICDO,Procedure Schema to ICDO Condition (NAACCR),"This links a cancer-registry anatomic schema (a grouping construct) to one of many possible specific conditions occurring at that site, not an equivalent concept. Its own example shows this clearly: [Liver and Intrahepatic Bile Ducts] is a broad anatomic schema, while [Precursor cell lymphoblastic lymphoma, NOS, of liver] is one specific malignancy that can occur there. This fits the same conceptual-grouping family as Schema to Variable/Variable to Schema.",,
Association,Diagnostic,Process extends from,Process extends from (SNOMED),"Links evidence, tests, variants, or clinical findings to support diagnostic reasoning. Example: [Structure of lymphatic vessel and/or small blood vessel] -> [Presence of direct invasion by primary malignant neoplasm of jejunum to lymphatic vessel and/or small blood vessel]",Specify the substance or process produced by the process characterized by the observable property type.,https://docs.snomed.org/education/snomed-ct-education-editorial-guide/readme/authoring/domain-specific-modeling/observable-entity/observable-entity-defining-attributes#process-extends-to
Association,Diagnostic,Process extends to,Process extends to (SNOMED),"Links evidence, tests, variants, or clinical findings to support diagnostic reasoning. Example: [Presence of direct invasion by primary malignant neoplasm of prostate to seminal vesicle] -> [Seminal vesicle structure]",Specify the substance or process produced by the process characterized by the observable property type.,https://docs.snomed.org/education/snomed-ct-education-editorial-guide/readme/authoring/domain-specific-modeling/observable-entity/observable-entity-defining-attributes#process-extends-to
Attribute,Measurement,Property of,Property of,"Defines metrics, scales, units, and quantitative properties of an observation. Example: [Histologic feature (property)] -> [Architectural pattern of ductal carcinoma in situ in breast]",,
Hierarchy,Categorical – up,Property type of,Property type of,Assigns a concept to a high-level grouping or classification chapter. Example: [Number rate] -> [Minimum pulse rate],,
Attribute,Pharmaceutical,Quantified form of,Quantified form of (RxNorm),Qualifies physical drug delivery properties or dose forms. Example: [0.5 ML hepatitis B immune globulin 217 UNT/ML Prefilled Syringe [Bayhep B]] -> [hepatitis B immune globulin 217 UNT/ML Prefilled Syringe [Bayhep B]],Quantifier for a drug concept,https://github.com/OHDSI/Vocabulary-v5.0/wiki/Vocab.-RXNORM_EXTENSION#result
Composition,Structural,Radioconjugate of,Radioconjugate of (HemOnc),"Defines the inherent chemical constituents or dosage strength. Example: [Ibritumomab tiuxetan] -> [(90)YFC, then allo HSCT (rituximab-pvvr)]",,https://hemonc.org/wiki/HemOncKB_canonical_triples
Association,Therapeutic,Radiotherapy of,Radiotherapy of (HemOnc),Links therapeutic interventions to clinical indications or contraindications. Example: [Lutetium Lu 177 vipivotide tetraxetan] -> [Lutetium Lu 177 vipivotide tetraxetan monotherapy],,https://hemonc.org/wiki/HemOncKB_canonical_triples
Hierarchy,Categorical – up,Recipient cat of,Recipient category of (SNOMED),Assigns a concept to a high-level grouping or classification chapter. Example: [Live donor for lung transplant] -> [Harvesting of lobe of lung from living donor],Recipient category (attribute) specifies the type of individual or group upon which the action of the procedure is performed.,https://docs.snomed.org/education/snomed-ct-education-editorial-guide/readme/authoring/domain-specific-modeling/procedure/procedure-defining-attributes/index#recipient-category
Composition,Structural,Reformulated in,Reformulated in (RxNorm),"Links an older drug formulation to its reformulated version. This is a substance or modified-form relationship, in the same family as Modification of.",,
Hierarchy,Categorical – up,Regimen type of,Regimen type of (HemOnc),Assigns a concept to a high-level grouping or classification chapter.,,https://hemonc.org/wiki/HemOncKB_canonical_triples
Composition,Physical,Relative part of,Relative part of (SNOMED),Physical material assembly or structural part-whole relationship. Example: [Structure of brachial artery] -> [Ankle brachial pressure index],,
Attribute,Anatomical,Relative to,Relative to (SNOMED),"Spatial qualifier describing location, morphology, or extent. Example: [Percentage of primary malignant neoplasm of prostate in resected prostate specimen] -> [Tissue specimen obtained by excision]","Specify the denominator of a relational property type, e.g. a ratio or proportion.",https://docs.snomed.org/education/snomed-ct-education-editorial-guide/readme/authoring/domain-specific-modeling/observable-entity/observable-entity-defining-attributes#relative-to
Attribute,Anatomical,Relative to of,Relative to of (SNOMED),"Spatial qualifier describing location, morphology, or extent. Example: [Non-invasive papillary urothelial carcinoma, low-grade] -> [Surgical margin involved by low grade noninvasive papillary urothelial carcinoma in ureterectomy specimen]","Specify the denominator of a relational property type, e.g. a ratio or proportion.",https://docs.snomed.org/education/snomed-ct-education-editorial-guide/readme/authoring/domain-specific-modeling/observable-entity/observable-entity-defining-attributes#relative-to
Attribute,Pharmaceutical,Release charact of,Dose form release characteristic of (SNOMED),Qualifies physical drug delivery properties or dose forms. Example: [Modified-release] -> [Modified-release oral capsule],,
Attribute,Context,Role of,Role of (LOINC),"Specific situational modifier or contextual role. Example: [Patient] -> [Patient Goals, preferences, and priorities for care experience]",,https://github.com/OHDSI/Vocabulary-v5.0/wiki/Vocab.-LOINC#relationships
Attribute,Context,Role played by,Role played by,Specific situational modifier or contextual role. Example: [Insecticide therapeutic role] -> [Acephate-containing product],,https://github.com/OHDSI/Vocabulary-v5.0/wiki/Vocab.-LOINC#relationships
Association,Therapeutic,Rx AB-drug cjgt of,RxNorm antibody-drug conjugate of (HemOnc),Links therapeutic interventions to clinical indications or contraindications. Example: [tisotumab] -> [Tisotumab vedotin monotherapy],,https://github.com/OHDSI/Vocabulary-v5.0/wiki/Vocab.-LOINC#relationships
Association,Therapeutic,Rx antineopl of,RxNorm antineoplastic of (HemOnc),Links therapeutic interventions to clinical indications or contraindications. Example: [Fam-trastuzumab deruxtecan] -> [Trastuzumab deruxtecan monotherapy],,https://hemonc.org/wiki/HemOncKB_canonical_triples
Association,Therapeutic,Rx endocrine tx of,RxNorm endocrine therapy of (HemOnc),Links therapeutic interventions to clinical indications or contraindications. Example: [relugolix] -> [Relugolix monotherapy],,https://hemonc.org/wiki/HemOncKB_canonical_triples
Association,Therapeutic,Rx immunosuppr of,RxNorm immunosuppressor of (HemOnc),Links therapeutic interventions to clinical indications or contraindications. Example: [belumosudil] -> [Belumosudil monotherapy],,https://hemonc.org/wiki/HemOncKB_canonical_triples
Association,Therapeutic,Rx immunotherapy of,RxNorm immunotherapy of (HemOnc),Links therapeutic interventions to clinical indications or contraindications. Example: [ropeginterferon alfa-2b] -> [Ropeginterferon alfa-2b monotherapy],,https://hemonc.org/wiki/HemOncKB_canonical_triples
Association,Therapeutic,Rx local therapy of,RxNorm local therapy of (HemOnc),"Links therapeutic interventions to clinical indications or contraindications. Example: [Cytarabine liposomal] -> [Cytarabine, Methotrexate, Rituximab]",,https://hemonc.org/wiki/HemOncKB_canonical_triples
Association,Therapeutic,Rx PDC of,RxNorm PDC of (HemOnc),Links therapeutic interventions to clinical indications or contraindications. Example: [melphalan flufenamide] -> [Melphalan flufenamide and Dexamethasone],,
Association,Administrative,Rx pept-drg cjg of,RxNorm peptide-drug conjugate of (HemOnc),"Operational link for system billing, metadata, dictionaries, or encounter tracking. Example: [melphalan flufenamide] -> [Melphalan flufenamide and Dexamethasone]",,https://hemonc.org/wiki/HemOncKB_canonical_triples
Association,Therapeutic,Rx radiocjgt of,RxNorm radioconjugate of (HemOnc),Links therapeutic interventions to clinical indications or contraindications. Example: [ibritumomab tiuxetan] -> [Ibritumomab tiuxetan protocol (rituximab-rixi)],,https://hemonc.org/wiki/HemOncKB_canonical_triples
Association,Therapeutic,Rx steroid tx of,RxNorm steroid therapy of (HemOnc),Links therapeutic interventions to clinical indications or contraindications. Example: [methylprednisolone] -> [HDMP-R (rituximab-rite)],,https://hemonc.org/wiki/HemOncKB_canonical_triples
Association,Therapeutic,Rx support med of,RxNorm Supportive medication of (HemOnc),Links therapeutic interventions to clinical indications or contraindications. Example: [Rho(D) immune globulin] -> [RhIG monotherapy],,https://hemonc.org/wiki/HemOncKB_canonical_triples
Association,Therapeutic,Rx targeted tx of,RxNorm targeted therapy of (HemOnc),Links therapeutic interventions to clinical indications or contraindications. Example: [belzutifan] -> [Belzutifan monotherapy],,https://hemonc.org/wiki/HemOncKB_canonical_triples
Association,Mapping,RxNorm - ATC,RxNorm to ATC,"This connects a drug product to an ATC class, not an ingredient, so it is often coarser than its near-equivalence label suggests. Its own example shows a 7-ingredient combination product mapping to the ATC class of just one of those ingredients, which is not a faithful equivalence. Example: [AESCULUS HIPPOCASTANUM SEED OIL / cupric acetate / Epinephrine / Ergot Alkaloids / Helleborus niger whole extract / Potentilla anserina whole extract / tobacco leaf extract Oral Solution] -> [epinephrine; local oral]","Connects ATC Classes and Drug Products, but not Ingredients",https://github.com/OHDSI/Vocabulary-v5.0/wiki/Vocab.-ATC#other-information
Identity,Exact equivalence,RxNorm - ATC name,RxNorm to ATC equivalent by concept_name (OMOP),"Explicitly tagged as equivalent, representing exact semantic identity.",,
Identity,Near equivalence,RxNorm - ATC pr lat,RxNorm/Extension to ATC pr lateral (OMOP),Lateral cross-domain link (primary active ingredient to class). Example: [Umifenovir] -> [umifenovir; oral],"Connects Monocomponent ATC Class with its full semantic equivalent in the form of the main active Standard Ingredient.
Connects the 1st active ingredient of the ATC Polycomponent ATC Class with Standard Ingredient. 
Can be used for a group of similar ingredients (e.g. senna glycosides, estrogens)",https://github.com/OHDSI/Vocabulary-v5.0/wiki/Vocab.-ATC#other-information
Identity,Near equivalence,RxNorm - ATC sec lat,RxNorm/Extension to ATC secondary lateral (OMOP),"Lateral cross-domain link (primary active ingredient to class). Example: [rubella virus vaccine live (Wistar RA 27-3 strain)] -> [measles, combinations with mumps and rubella, live attenuated; parenteral]",Connects the 2nd active ingredient OR any subsequent active ingredient of a Multicomponent ATC Class to Rx/RxE Ingredient.,https://github.com/OHDSI/Vocabulary-v5.0/wiki/Vocab.-ATC#other-information
Hierarchy,Categorical – up,RxNorm - ATC sec up,RxNorm/Extension to ATC secondary upwards (OMOP),"Structural map rolling an RxNorm ingredient up to a broader ATC class. Example: [meningococcal group A polysaccharide] -> [tetanus toxoid, combinations with diphtheria toxoid; parenteral]",Connects the 2nd Ingredient Group OR any subsequent Ingredient Group OR NOT mentioned and unspecified list of Ingredients which can be in combination with Primary lateral or Primary upward ATC Classes to respective Rx/RxN Ingredients.,https://github.com/OHDSI/Vocabulary-v5.0/wiki/Vocab.-ATC#other-information
Association,Therapeutic,RxNorm - CVX,RxNorm - CVX (OMOP),Links therapeutic interventions to clinical indications or contraindications. Example: [hepatitis B immune globulin] -> [hepatitis B immune globulin],,
Composition,Logical,RxNorm - DOI,RxNorm contained in DOI (OMOP),"Conceptual grouping/aggregation of entities (e.g., Q&A, HOI, SMQ, Schema). Example: [thioridazine] -> [OMOP Typical Antipsychotics]",,
Identity,Exact equivalence,RxNorm - ETC name,RxNorm to ETC equivalent by concept_name (OMOP),"Explicitly tagged as equivalent, representing exact semantic identity.",,
Association,Therapeutic,RxNorm - SPL,RxNorm to SPL (NLM),Links therapeutic interventions to clinical indications or contraindications. Example: [0.5 ML hepatitis B immune globulin 220 UNT/ML Prefilled Syringe [Hyperhep B]] -> [hepatitis b immune globulin (human) 220[iU]/mL INTRAMUSCULAR INJECTION [hyperhep b s/d]],,
Attribute,Pharmaceutical,RxNorm dose form of,Dose form of (RxNorm),Qualifies physical drug delivery properties or dose forms. Example: [Vaginal Mechanical Pessaries with Substance] -> [estradiol 0.025 MG Vaginal Mechanical Pessaries with Substance Box of 15],Links specific pharmaceutical dose form to a drug.,https://github.com/OHDSI/Vocabulary-v5.0/wiki/Vocab.-RXNORM_EXTENSION#result
Attribute,Pharmaceutical,RxNorm has dose form,Has dose form (RxNorm),Qualifies physical drug delivery properties or dose forms. Example: [hepatitis B immune globulin 200 UNT/ML Injectable Solution] -> [Injectable Solution],Links a drug to its specific pharmaceutical dose form.,https://github.com/OHDSI/Vocabulary-v5.0/wiki/Vocab.-RXNORM_EXTENSION#result
Identity,Version lineage,RxNorm replaced by,Concept replaced by (RxNorm),Handles lifecycle transitions and deprecated concept history.,,
Identity,Version lineage,RxNorm replaces,Concept replaces (RxNorm),Handles lifecycle transitions and deprecated concept history.,,
Hierarchy,Categorical – up,Scale type of,Scale type of,Assigns a concept to a high-level grouping or classification chapter. Example: [Multi] -> [Body measurements],,
Identity,Near equivalence,Schema to ICDO,Schema to ICDO Condition (NAACCR),"Links commercial or contextually similar entities (e.g., brand names, biosimilars, external maps). Example: [Malignant Melanoma of Maxillary Sinus] -> [Malignant melanoma, NOS, of maxillary sinus]",,
Attribute,Measurement,Schema to Value,Schema to Value (NAACCR),"Defines metrics, scales, units, and quantitative properties of an observation. Example: [Malignant Melanoma of Maxillary Sinus] -> [Level II lymph node(s) involved]",,
Composition,Logical,Schema to Variable,Schema to Variable (NAACCR),"Conceptual grouping/aggregation of entities (e.g., Q&A, HOI, SMQ, Schema). Example: [Malignant Melanoma of Maxillary Sinus] -> [Path Date Spec Collect 2]",,
Composition,Logical,SMQ - MedDRA,SMQ consists of MedDRA (MedDRA),"Conceptual grouping/aggregation of entities (e.g., Q&A, HOI, SMQ, Schema).",,https://github.com/OHDSI/Vocabulary-v5.0/wiki/Vocab.-LOINC#relationships
Composition,Logical,SNOMED - HOI,SNOMED contained in HOI (OMOP),"Conceptual grouping/aggregation of entities (e.g., Q&A, HOI, SMQ, Schema). Example: [Chronic peptic ulcer with hemorrhage AND with perforation but without obstruction] -> [OMOP Upper GastrointestinaI Ulcer 2]",,https://github.com/OHDSI/Vocabulary-v5.0/wiki/Vocab.-SNOMED#equivalent-and-categorical-relationships
Association,Mapping,SNOMED - OPCS4,SNOMED to OPCS4 equivalent or categorical (NHS),"Per its own r_name, this bundles true 1:1 equivalences together with loose categorical or broader mappings, used when no clean OPCS4-to-SNOMED equivalent exists. It is a no-clean-mapping fallback, not a trustworthy equivalence.",,
Hierarchy,Categorical – up,SNOMED cat - CPT4,SNOMED category to CPT-4 (OMOP),"Assigns a concept to a high-level grouping or classification chapter. Example: [Hospital admission] -> [Induced abortion, by 1 or more intra-amniotic injections (amniocentesis-injections), including hospital admission and visits, delivery of fetus and secundines; with hysterotomy (failed intra-amniotic injection)]",,https://github.com/OHDSI/Vocabulary-v5.0/wiki/Vocab.-SNOMED#equivalent-and-categorical-relationships
Association,Administrative,SNOMED proc - HCPCS,SNOMED procedure subsumes HCPCS (OMOP),"Operational link for system billing, metadata, dictionaries, or encounter tracking.",,
Association,Diagnostic,Specimen of,Specimen of (SNOMED),"Links evidence, tests, variants, or clinical findings to support diagnostic reasoning. Example: [Tissue specimen from left breast] -> [Mammography of left breast specimen]",Indicates the type of specimen on which a measurement or observation is performed.,https://docs.snomed.org/education/snomed-ct-education-editorial-guide/readme/authoring/domain-specific-modeling/procedure/procedure-defining-attributes/evaluation-procedure-attributes#has-specimen
Association,Diagnostic,Specimen topo of,Specimen source topography of (SNOMED),"Links evidence, tests, variants, or clinical findings to support diagnostic reasoning. Example: [Structure of right cerebellar hemisphere] -> [Tissue specimen from right hemisphere of cerebellum]",,
Attribute,Temporal,Start date of,Start date of,"Qualifies clinical events by their timing, sequence, or duration. Example: [RX Date BRM] -> [RX Summ--BRM]",,
Association,Therapeutic,Steroid tx of,Steroid therapy of (HemOnc),Links therapeutic interventions to clinical indications or contraindications. Example: [Dexamethasone] -> [Selinexor and Dexamethasone (Sd)],,https://hemonc.org/wiki/HemOncKB_canonical_triples
Hierarchy,Categorical – up,Subject matter of,Subject matter domain of (LOINC),Assigns a concept to a high-level grouping or classification chapter. Example: [Oncology] -> [Oncology Plan of care note],,https://github.com/OHDSI/Vocabulary-v5.0/wiki/Vocab.-LOINC#relationships
Composition,Structural,Subst used by,Substance used by (SNOMED),Defines the inherent chemical constituents or dosage strength. Example: [Vitamin supplement] -> [Vitamin supplement therapy],,https://github.com/OHDSI/Vocabulary-v5.0/wiki/Vocab.-LOINC#relationships
Attribute,Pharmaceutical,Surf character of,Surface characteristic of (SNOMED),Qualifies physical drug delivery properties or dose forms. Example: [Saline-filled smooth breast implant] -> [Smooth],,
Association,Therapeutic,Synth regimen of,Synthetic regimen of(HemOnc),Links therapeutic interventions to clinical indications or contraindications. Example: [PCR (rituximab-abbs)] -> [PCR],,https://hemonc.org/wiki/HemOncKB_canonical_triples
Attribute,Clinical,Targ population of,Target population of (SNOMED),"Qualifies clinical states, statuses (e.g., severity, intent, prescribing status), or general clinical indicators. Example: [Adult population] -> [Hepatitis A virus antigen only adult vaccine product]",,
Identity,Near equivalence,Trade family grp of,Trade family group of (SNOMED),"Links commercial or contextually similar entities (e.g., brand names, biosimilars, external maps).",,
Identity,Near equivalence,Tradename of,Tradename of (RxNorm),"Links commercial or contextually similar entities (e.g., brand names, biosimilars, external maps). Example: [0.5 ML hepatitis B immune globulin 217 UNT/ML Prefilled Syringe [Bayhep B]] -> [0.5 ML hepatitis B immune globulin 217 UNT/ML Prefilled Syringe]",Navigation link between Clinical (Generic) and Branded concepts.,https://github.com/OHDSI/Vocabulary-v5.0/wiki/Vocab.-RXNORM_EXTENSION#result
Association,Mechanistic,Transcribes to,Genomic DNA transcribes to mRNA,Links substances to functional biological pathways or mechanisms. Example: [HRAS on GRCh38 chr11: Deletion in position 534287 to 534288 and Insertion of TT measurement] -> [HRAS transcript: Deletion in position 35 to 36 and Insertion of AA measurement],,
Association,Mechanistic,Translates to,mRNA Translates to protein,Links substances to functional biological pathways or mechanisms. Example: [APC transcript: Deletion in position 3317 measurement] -> [APC protein: Frameshift substitution in position 1106 of G replaced by E followed by a new reading frame extending for 20 amino acids measurement],,
Association,Administrative,Typ bill - Freq Code,Typ bill Full to Frequency code (UB04),"Operational link for system billing, metadata, dictionaries, or encounter tracking.",,
Association,Administrative,Typ bill - Typ bill3,Typ bill Full to Typ bill 3 digits (UB04),"Operational link for system billing, metadata, dictionaries, or encounter tracking.",,
Identity,Exact equivalence,Type mapped from,Type concept to non-standard map (OMOP),Direct semantic identity or mapping rule across different vocabularies.,,
Hierarchy,Categorical – up,Type of,Type of,Assigns a concept to a high-level grouping or classification chapter. Example: [Numeric] -> [Size of Lymph Nodes],,
Association,Administrative,Type of service of,Type of service of (LOINC),"Operational link for system billing, metadata, dictionaries, or encounter tracking. Example: [Visit notification] -> [Visit notification]",,https://github.com/OHDSI/Vocabulary-v5.0/wiki/Vocab.-LOINC#relationships
Identity,Version lineage,UCUM replaces,Concept replaces (UCUM),Handles lifecycle transitions and deprecated concept history.,,https://github.com/OHDSI/Vocabulary-v5.0/wiki/Vocab.-LOINC#relationships
Identity,Exact equivalence,Unit mapped from,Unit concept to non-standard map (OMOP),Direct semantic identity or mapping rule across different vocabularies. Example: [counts per minute] -> [Bicycle speed],,https://github.com/OHDSI/Vocabulary-v5.0/wiki/Vocab.-LOINC#relationships
Attribute,Measurement,Unit of presen of,Unit of presentation of (SNOMED),"Defines metrics, scales, units, and quantitative properties of an observation. Example: [Actuation] -> [Product containing precisely fluticasone propionate 125 microgram and salmeterol (as salmeterol xinafoate) 25 microgram/actuation pressurized conventional release suspension for inhalation]",,
Association,Administrative,Unit of prod use of,Unit relating to the entity that can be handled of (DM+D),"Operational link for system billing, metadata, dictionaries, or encounter tracking. Example: [Tablet - unit of product usage] -> [Levothyroxine sodium 25 microgram oral tablet]",,
Attribute,Procedural,Using acc device,Using access device (SNOMED),"Defines execution technicalities like route of administration, method, or device used. Example: [Fibreoptic endoscopic coagulation of oesophageal lesion haemorrhage] -> [Endoscope]",Using access device (attribute) specifies the instrument or equipment used to access the site of a procedure.,https://docs.snomed.org/education/snomed-ct-education-editorial-guide/readme/authoring/domain-specific-modeling/procedure/procedure-defining-attributes/index#using-access-device
Attribute,Procedural,Using energy,Using energy (SNOMED),"Defines execution technicalities like route of administration, method, or device used. Example: [Photodynamic laser therapy to lesion of skin] -> [Light]",Using energy (attribute) refers to the energy used to execute an action.,
Association,Diagnostic,Using finding inform,Using finding informer (SNOMED),Links diagnostic evidence or tests to a clinical concept/state. Example: [Urinary symptoms] -> [Subject of record or other provider of history],Specifies the person or other entity from which the clinical finding information was obtained. It is not about the particular individual but about the category or type of informer. It is used to differentiate patient-reported symptoms from provider-determined signs.,https://docs.snomed.org/education/snomed-ct-education-editorial-guide/readme/authoring/domain-specific-modeling/clinical-finding-and-disorder/clinical-finding-defining-attributes#finding-informer
Association,Diagnostic,Using finding method,Using finding method (SNOMED),Links diagnostic evidence or tests to a clinical concept/state. Example: [Abnormal breath sounds] -> [Auscultation],Specifies the means by which a clinical finding was determined. It includes findings that were determined by examination of the patient.,https://docs.snomed.org/education/snomed-ct-education-editorial-guide/readme/authoring/domain-specific-modeling/clinical-finding-and-disorder/clinical-finding-defining-attributes#finding-method
Composition,Structural,Using subst,Using substance (SNOMED),Defines the inherent chemical constituents or dosage strength. Example: [Tc-99 MIBI (technetium 99m methoxyisobutylisonitrile) parathyroid subtraction study] -> [Radioactive isotope],Using substance (attribute) describes the Substance used to execute the action of a procedure. ,https://docs.snomed.org/education/snomed-ct-education-editorial-guide/readme/authoring/domain-specific-modeling/procedure/procedure-defining-attributes/index#using-substance
Hierarchy,Categorical – up,Vaccine group of,Vaccine group of (CVX),"Assigns a concept to a high-level grouping or classification chapter. Example: [Anthrax vaccine, unspecified] -> [Anthrax vaccine, adsorbed, adjuvanted, post-exposure prophylaxis]",,
Identity,Exact equivalence,Value mapped from,Value_as_concept to non-standard map (OMOP),Direct semantic identity or mapping rule across different vocabularies. Example: [Hospice] -> [Patients who use hospice services any time during the measurement period],,
Attribute,Measurement,Value of,Value of,"Defines metrics, scales, units, and quantitative properties of an observation. Example: [refractometry result error: "" 2""] -> [Refractometry result unreliable (right)]",,
Hierarchy,Categorical – up,Value to Schema,Value to Schema (NAACCR),Assigns a concept to a high-level grouping or classification chapter. Example: [Skin@None; no surgery of primary site; autopsy ONLY] -> [Skin],,
Identity,Exact equivalence,VAProd - NDFRT,VA Product to NDF-RT (NDF-RT),Direct semantic identity or mapping rule across different vocabularies.,,
Attribute,Temporal,After,After (SNOMED),"Qualifies clinical events by their timing, sequence, or duration. Example: [Transplant of kidney] -> [Pre-existing disease in renal transplant]","used to model concepts in which a clinical finding occurs after another clinical finding, procedure or event.",https://docs.snomed.org/education/snomed-ct-education-editorial-guide/readme/authoring/domain-specific-modeling/clinical-finding-and-disorder/clinical-finding-defining-attributes#after
Attribute,Pharmaceutical,AMP of,Actual Medicinal Product of (SNOMED),Qualifies physical drug delivery properties or dose forms.,,
Composition,Logical,Answer of (PPI),Answer of (PPI),"Conceptual grouping/aggregation of entities (e.g., Q&A, HOI, SMQ, Schema). Example: [1] -> [How many doses of the vaccine did you receive?]",,
Association,Therapeutic,Anticoag tx of,Anticoag tx of (HemOnc),Links therapeutic interventions to clinical indications or contraindications. Example: [Anagrelide] -> [Anagrelide monotherapy],,https://hemonc.org/wiki/HemOncKB_canonical_triples
Association,Therapeutic,Antineoplastic of,Antineoplastic of (HemOnc),Links therapeutic interventions to clinical indications or contraindications. Example: [Alitretinoin] -> [Alitretinoin monotherapy],,https://hemonc.org/wiki/HemOncKB_canonical_triples
Attribute,Procedural,Approach of,Approach of (SNOMED),"Defines execution technicalities like route of administration, method, or device used.",,
Identity,Near equivalence,ATC - RxNorm pr lat,ATC to RxNorm/Extension primary lateral (OMOP),Lateral cross-domain link (class to primary active ingredient). Example: [moxidectin; systemic] -> [moxidectin],"Connects Monocomponent ATC Class with its full semantic equivalent in the form of the main active Standard Ingredient.
Connects the 1st active ingredient of the ATC Polycomponent ATC Class with Standard Ingredient. 
Can be used for a group of similar ingredients (e.g. senna glycosides, estrogens)",https://github.com/OHDSI/Vocabulary-v5.0/wiki/Vocab.-ATC#other-information
Hierarchy,Categorical – down,ATC - RxNorm pr up,ATC to RxNorm/Extension primary upwards (OMOP),Structural map expanding an ATC class to its specific RxNorm ingredient. Example: [vaginal ring with progestogen; vaginal] -> [allylestrenol],"Connects the 1st Ingredient Group of a Multicomponent ATC Class to respective Rx/RxE Ingredients
Applied to a Multicomponent ATC Class, whose name starts either from an Ingredient Group or the word of ‘^combinations’, or contains only one Ingredient Group, which is mentioned somewhere in the middle
Can be used for well-defined but diverse group of ingredients (e.g. diastase, tree pollen, feather)",https://github.com/OHDSI/Vocabulary-v5.0/wiki/Vocab.-ATC#other-information
Identity,Near equivalence,ATC - RxNorm sec lat,ATC to RxNorm/Extension secondary lateral (OMOP),Lateral cross-domain link (class to primary active ingredient). Example: [valsartan and nebivolol; oral] -> [nebivolol],Connects the 2nd active ingredient OR any subsequent active ingredient of a Multicomponent ATC Class to Rx/RxE Ingredient.,https://github.com/OHDSI/Vocabulary-v5.0/wiki/Vocab.-ATC#other-information
Hierarchy,Categorical – down,ATC - RxNorm sec up,ATC to RxNorm/Extension secondary upwards (OMOP),"Structural map expanding an ATC class to its specific RxNorm ingredient. Example: [econazole, combinations; systemic, vaginal] -> [hydrocortisone]",Connects the 2nd Ingredient Group OR any subsequent Ingredient Group OR NOT mentioned and unspecified list of Ingredients which can be in combination with Primary lateral or Primary upward ATC Classes to respective Rx/RxN Ingredients.,https://github.com/OHDSI/Vocabulary-v5.0/wiki/Vocab.-ATC#other-information
Identity,Exact equivalence,ATC - SNOMED eq,ATC to SNOMED equivalent (RxNorm),"Explicitly tagged as equivalent, representing exact semantic identity. Example: [gallium (68Ga) gozetotide] -> [Gallium (68-Ga) dotatate]","Connects ATC Classes and SNOMED Pharma or Biological Products, Physical Objects and Substances",https://github.com/OHDSI/Vocabulary-v5.0/wiki/Vocab.-ATC#other-information
Hierarchy,Categorical – up,Available as box,Is available in a prepackaged box (OMOP),Assigns a concept to a high-level grouping or classification chapter. Example: [hepatitis B immune globulin 200 UNT/ML Injectable Solution] -> [hepatitis B immune globulin 200 UNT/ML Injectable Solution Box of 1],,
Attribute,Pharmaceutical,Basic dose form of,Basic dose form of (SNOMED),Qualifies physical drug delivery properties or dose forms. Example: [Implant dosage form] -> [Prolonged-release ocular implant],,https://docs.snomed.org/education/snomed-ct-education-editorial-guide/readme/authoring/domain-specific-modeling/pharmaceutical-and-biologic-product/index/index/pharmaceutical-dose-form-naming-and-modeling-conventions
Attribute,Temporal,Before,Before (SNOMED),"Qualifies clinical events by their timing, sequence, or duration. Example: [Pre-existing disease in renal transplant] -> [Transplant of kidney]","is used to model pre-procedure complications (e.g., preoperative complication). It represents temporal associations between procedures and related disorders",https://docs.snomed.org/education/snomed-ct-education-editorial-guide/readme/authoring/domain-specific-modeling/clinical-finding-and-disorder/clinical-finding-defining-attributes#before
Identity,Near equivalence,Brand name of,Brand name of (OMOP),"Links commercial or contextually similar entities (e.g., brand names, biosimilars, external maps). Example: [Bylvay] -> [odevixibat 0.2 MG Oral Capsule [Bylvay] by Albireo AB]",,
Attribute,Measurement,CAP value of,CAP value of,"Defines metrics, scales, units, and quantitative properties of an observation.",,
Hierarchy,Categorical – up,CI chem class of,Contraindicating chemical class of (NDF-RT),Assigns a concept to a high-level grouping or classification chapter. Example: [Insulin] -> [CISAPRIDE 10MG TAB],,
Attribute,Clinical,Clinical course of,Has clinical course of (SNOMED),"Qualifies clinical states, statuses (e.g., severity, intent, prescribing status), or general clinical indicators. Example: [Brittle course] -> [Brittle asthma]",used to represent both the course and onset of a disease or condition,https://docs.snomed.org/education/snomed-ct-education-editorial-guide/readme/authoring/domain-specific-modeling/clinical-finding-and-disorder/clinical-finding-defining-attributes#clinical-course
Composition,Structural,Coating material of,Coating material of (SNOMED),Defines the inherent chemical constituents or dosage strength. Example: [Polyurethane foam] -> [Silicone gel-filled polyurethane foam covered surface breast implant],Represents the material with which an object is coated,https://docs.snomed.org/education/snomed-ct-education-editorial-guide/readme/authoring/domain-specific-modeling/physical-object/physical-object-defining-attributes#has-coating-material
Composition,Physical,Comp material of,Compositional material of (SNOMED),Physical material assembly or structural part-whole relationship. Example: [Silicone foam] -> [Silicone foam cavity wound dressing],Represents the site where the device is intended to reside in or on the body.,https://docs.snomed.org/education/snomed-ct-education-editorial-guide/readme/authoring/domain-specific-modeling/physical-object/physical-object-defining-attributes#has-compositional-material
Composition,Structural,Has conc denom unit,Has concentration strength denominator unit (SNOMED),Defines the inherent chemical constituents or dosage strength. Example: [Calcium oxybate 500 mg/mL and magnesium oxybate 500 mg/mL and potassium oxybate 500 mg/mL and sodium oxybate 500 mg/mL oral solution] -> [mL],,
Composition,Structural,Has conc num unit,Has concentration strength numerator unit (SNOMED),Defines the inherent chemical constituents or dosage strength. Example: [Calcium oxybate 500 mg/mL and magnesium oxybate 500 mg/mL and potassium oxybate 500 mg/mL and sodium oxybate 500 mg/mL oral solution] -> [mg],,
Composition,Structural,Has count of ing,Has count of base of active ingredient (SNOMED),Defines the inherent chemical constituents or dosage strength. Example: [Polyvinyl alcohol 1.4% conventional release eye drops] -> [One],,
Association,Therapeutic,Has cytotox chemo Rx,Has cytotoxic chemotherapy - RxNorm (HemOnc),Links therapeutic interventions to clinical indications or contraindications. Example: [AC-D] -> [cyclophosphamide],,https://hemonc.org/wiki/HemOncKB_canonical_triples
Association,Therapeutic,Has cytotoxic chemo,Has cytotoxic chemotherapy (HemOnc),Links therapeutic interventions to clinical indications or contraindications. Example: [AC-D] -> [Doxorubicin],,https://hemonc.org/wiki/HemOncKB_canonical_triples
Attribute,Procedural,Has dir device,Has direct device (SNOMED),"Defines execution technicalities like route of administration, method, or device used. Example: [Renewal of single chamber intravenous cardiac pacemaker system] -> [Cardiac pacemaker]",Direct device (attribute) represents the device on which the method directly acts.,https://docs.snomed.org/education/snomed-ct-education-editorial-guide/readme/authoring/domain-specific-modeling/procedure/procedure-defining-attributes/index#direct-device
Attribute,Clinical,Has disc indicator,Has discontinued indicator (SNOMED),"Qualifies clinical states, statuses (e.g., severity, intent, prescribing status), or general clinical indicators.",,
Attribute,Pharmaceutical,Has disposition,Has disposition (SNOMED),Qualifies physical drug delivery properties or dose forms. Example: [Ergopeptide] -> [Toxin],,
Attribute,Pharmaceutical,Has dose form group,Has dose form group (RxNorm),Qualifies physical drug delivery properties or dose forms. Example: [odevixibat Oral Product] -> [Oral Product],,
Association,Causal,Has due to,Has due to (SNOMED),"Relates conditions to their biological, pathological, or environmental causes. Example: [Congenital macrostomia] -> [Congenital failure of fusion between maxillary and mandibular processes]","to identify a clinical finding/disorder, event, or procedure concept as the direct cause of another Clinical finding or Disorder concept",https://docs.snomed.org/education/snomed-ct-education-editorial-guide/readme/authoring/domain-specific-modeling/clinical-finding-and-disorder/clinical-finding-defining-attributes#due-to
Association,Therapeutic,Has EMA indication,Has EMA indication (HemOnc),Links therapeutic interventions to clinical indications or contraindications. Example: [Asparaginase erwinia chrysanthemi-rywn] -> [Acute lymphoblastic leukemia],,https://hemonc.org/wiki/HemOncKB_canonical_triples
Association,Therapeutic,Has endocrine tx Rx,Has endocrine therapy - RxNorm (HemOnc),"Links therapeutic interventions to clinical indications or contraindications. Example: [Anastrozole, Lapatinib, Trastuzumab] -> [anastrozole]",,https://hemonc.org/wiki/HemOncKB_canonical_triples
Attribute,Clinical,Has episodicity,Has episodicity (SNOMED),"Qualifies clinical states, statuses (e.g., severity, intent, prescribing status), or general clinical indicators. Example: [Intrathecal Ziconotide pump trial] -> [New episode]","represent episodes of care provided by a physician or other healthcare provider, not episodes of disease experienced by the patient",https://docs.snomed.org/education/snomed-ct-education-editorial-guide/readme/authoring/domain-specific-modeling/clinical-finding-and-disorder/clinical-finding-defining-attributes#episodicity
Association,Causal,Has etiology,Has Etiology (SNOMED),"Relates conditions to their biological, pathological, or environmental causes.",,
Composition,Structural,Has excipient,Has excipient (SNOMED),Defines the inherent chemical constituents or dosage strength.,,
Attribute,Anatomical,Has extent,Has Extent (SNOMED),"Spatial qualifier describing location, morphology, or extent.",,
Association,Administrative,Has FDA labeling,Has FDA labeling (HemOnc),"Operational link for system billing, metadata, dictionaries, or encounter tracking. Example: [Belzutifan] -> [Mutation-specific]",,
Association,Therapeutic,Has FDA-appr ind,Has FDA-approved drug indication (FDB),Links therapeutic interventions to clinical indications or contraindications.,,
Attribute,Measurement,Has flavor,Has flavor (SNOMED),"Defines metrics, scales, units, and quantitative properties of an observation.",,
Attribute,Anatomical,Has focus,Has focus (SNOMED),"Spatial qualifier describing location, morphology, or extent. Example: [Fibreoptic endoscopic coagulation of oesophageal lesion haemorrhage] -> [Bleeding]",Has focus (attribute) specifies the Clinical finding or Procedure which is the focus of a procedure. This attribute is self-grouped.,https://docs.snomed.org/education/snomed-ct-education-editorial-guide/readme/authoring/domain-specific-modeling/procedure/procedure-defining-attributes/index#has-focus
Association,Administrative,Has free indicator,Has NHS dm+d freeness indicator,"Operational link for system billing, metadata, dictionaries, or encounter tracking.",,
Association,Therapeutic,Has growth factor,Has growth factor (HemOnc),Links therapeutic interventions to clinical indications or contraindications. Example: [FLAG-Ida and GO] -> [Lenograstim],,
Association,Therapeutic,Has growth factor Rx,Has growth factor Rx (HemOnc),Links therapeutic interventions to clinical indications or contraindications. Example: [FLAG-Ida and GO] -> [lenograstim],,
Association,Therapeutic,Has HC indication,Has HC indication (HemOnc),Links therapeutic interventions to clinical indications or contraindications. Example: [Amivantamab] -> [Non-small cell lung cancer],,https://hemonc.org/wiki/HemOncKB_canonical_triples
Association,Therapeutic,Has immunosuppr Rx,Has immunosuppressor - RxNorm (HemOnc),Links therapeutic interventions to clinical indications or contraindications. Example: [Iptacopan monotherapy] -> [eculizumab],,https://hemonc.org/wiki/HemOncKB_canonical_triples
Association,Therapeutic,Has immunosuppressor,Has immunosuppressor (HemOnc),Links therapeutic interventions to clinical indications or contraindications. Example: [Iptacopan monotherapy] -> [Iptacopan],,https://hemonc.org/wiki/HemOncKB_canonical_triples
Association,Therapeutic,Has immunotherapy,Has immunotherapy (HemOnc),Links therapeutic interventions to clinical indications or contraindications. Example: [Brexucabtagene autoleucel monotherapy] -> [Brexucabtagene autoleucel],,https://hemonc.org/wiki/HemOncKB_canonical_triples
Association,Therapeutic,Has immunotherapy Rx,Has immunotherapy - RxNorm (HemOnc),Links therapeutic interventions to clinical indications or contraindications. Example: [Brexucabtagene autoleucel monotherapy] -> [brexucabtagene autoleucel],,https://hemonc.org/wiki/HemOncKB_canonical_triples
Association,Administrative,Has incipient,Has incipient (DM+D),"Operational link for system billing, metadata, dictionaries, or encounter tracking.",,
Hierarchy,Categorical – down,Has inferred class,Has inferred drug class (OMOP),Expands a classification group into its constituent members.,,
Attribute,Context,Has inherent,Has inherent (SNOMED),"This is the inverse of Inheres in, which is already classified as Attribute, Context. It is classified here by precedent from its sibling row. Example: [Proximal surgical margin] -> [Presence of primary malignant neoplasm of esophagus at proximal surgical margin in esophageal resection specimen]",Specifies the independent continuant in which the quality exists and on which the dependent quality (of this observable) depends.,https://docs.snomed.org/education/snomed-ct-education-editorial-guide/readme/authoring/domain-specific-modeling/observable-entity/observable-entity-defining-attributes#inheres-in
Attribute,Clinical,Has intent,Has intent (SNOMED),"Qualifies clinical states, statuses (e.g., severity, intent, prescribing status), or general clinical indicators. Example: [Mild cognitive impairment annual review] -> [Preventive intent]","The Has intent attribute is used when a procedure may be performed for various reasons, described with subtypes of 363675004 |Intents (nature of procedure values) (qualifier value)|, such as diagnostic, palliative, preventive, therapeutic, etc. These intents are not used to define procedures with intents that are inherent to the procedure; such as biopsies that are by definition diagnostic, or fracture fixations which are always therapeutic.",https://docs.snomed.org/education/snomed-ct-education-editorial-guide/readme/authoring/domain-specific-modeling/procedure/procedure-defining-attributes/index#has-intent
Association,Interaction,Has interprets,Has interprets (SNOMED),Defines safety or therapeutic interference between agents. Example: [Sickle cell-hemoglobin SS disease] -> [Measurement of total hemoglobin concentration],"Refers to the entity being evaluated or interpreted, when an evaluation, interpretation, or judgment is intrinsic to the meaning of a concept.",https://docs.snomed.org/education/snomed-ct-education-editorial-guide/readme/authoring/domain-specific-modeling/clinical-finding-and-disorder/clinical-finding-defining-attributes#interprets
Hierarchy,Categorical – up,Has Issue,Has Issue,"Assigns a concept to a high-level grouping or classification chapter. Example: [Additional help outside the hospital (e.g. help with daily activities, self help groups, district nurses)?] -> [receiving information about additional help outside the hospital]",,
Attribute,Procedural,Has licensed route,Has licensed route (DM+D),"Defines execution technicalities like route of administration, method, or device used.",,
Association,Therapeutic,Has local therap Rx,Has local therapy - RxNorm (HemOnc),"Links therapeutic interventions to clinical indications or contraindications. Example: [Doxorubicin, Pegaspargase, Vincristine, Prednisone] -> [methotrexate]",,https://hemonc.org/wiki/HemOncKB_canonical_triples
Composition,Physical,Has meas component,Has Measured Component (SNOMED),Physical material assembly or structural part-whole relationship.,,
Attribute,Measurement,Has measurement,Has measurement method (SNOMED),"Defines metrics, scales, units, and quantitative properties of an observation. Example: [Herpes simplex antigen, enzyme immunoassay] -> [Immunoassay, quantitative]",,
Composition,Structural,Has modification,Has modification of (SNOMED),"A salt/ester/hydrate structural relationship between a substance and its modified form, not a deprecated-concept link. Example: [Berotralstat] -> [Berotralstat hydrochloride]",,
Hierarchy,Categorical – up,Has Module,Has Module,Assigns a concept to a high-level grouping or classification chapter. Example: [Hospital admission] -> [SNOMED CT core],,
Association,Therapeutic,Has NMPA indication,Has NMPA indication (HemOnc),Links therapeutic interventions to clinical indications or contraindications. Example: [Tislelizumab] -> [Non-small cell lung cancer squamous],,https://hemonc.org/wiki/HemOncKB_canonical_triples
Association,Causal,Has pathology,Has pathological process (SNOMED),"Relates conditions to their biological, pathological, or environmental causes. Example: [Hereditary elliptocytosis] -> [Pathological developmental process]",,
Association,Administrative,Has pept-drg cjg Rx,Has peptide-drug conjugate - RxNorm (HemOnc),"Operational link for system billing, metadata, dictionaries, or encounter tracking. Example: [Melphalan flufenamide and Dexamethasone] -> [melphalan flufenamide]",,https://hemonc.org/wiki/HemOncKB_canonical_triples
Association,Therapeutic,Has pept-drug cjgt,Has peptide-drug conjugate (HemOnc),Links therapeutic interventions to clinical indications or contraindications. Example: [Melphalan flufenamide and Dexamethasone] -> [Melphalan flufenamide],,https://hemonc.org/wiki/HemOncKB_canonical_triples
Composition,Containment,Has pharma prep,Has pharmaceutical preparation (NDF),Links items to their physical packaging or multi-item kit groupings.,,
Association,Mechanistic,Has physio effect,Has physiological effect (NDF-RT),"Links substances to functional biological pathways or mechanisms. Example: [HYDROGEN PEROXIDE 3% SPRAY,TOP] -> [Unknown Physiological Effect]",,
Association,Mechanistic,Has physiol state,Has physiologic state (SNOMED Vet),Links substances to functional biological pathways or mechanisms. Example: [Grower/finisher pig for meat production] -> [Physically growing],,
Association,Mechanistic,Has PK,Has pharmacokinetics (NDF-RT),Links substances to functional biological pathways or mechanisms. Example: [ACETAMINOPHEN 325MG CAP] -> [Hepatic Metabolism],,
Association,Therapeutic,Has PMDA indication,Has PMDA indication (HemOnc),Links therapeutic interventions to clinical indications or contraindications. Example: [Sutimlimab] -> [Cold agglutinin disease],,https://hemonc.org/wiki/HemOncKB_canonical_triples
Attribute,Temporal,Has precondition,Has precondition (SNOMED),"Qualifies clinical events by their timing, sequence, or duration. Example: [Recumbent body height] -> [Recumbent body position]","Specify body state, timing, challenges, or other situations that must be true of the entity to be observed.",https://docs.snomed.org/education/snomed-ct-education-editorial-guide/readme/authoring/domain-specific-modeling/observable-entity/observable-entity-defining-attributes#precondition
Attribute,Procedural,Has proc device,Has procedure device (SNOMED),"Defines execution technicalities like route of administration, method, or device used. Example: [Cardiac implantable electronic device reprogramming due to surgery] -> [Cardiac implant]","Procedure device (attribute) is used to model devices associated with a procedure. This attribute is used to define high-level, general concepts that aggregate procedures according to the device involved.",https://docs.snomed.org/education/snomed-ct-education-editorial-guide/readme/authoring/domain-specific-modeling/procedure/procedure-defining-attributes/index#procedure-device
Association,Diagnostic,Has proc duration,Process duration,"Links evidence, tests, variants, or clinical findings to support diagnostic reasoning. Example: [Measured quantity of intake of potassium in 24 hours] -> [24 hours]",,
Association,Diagnostic,Has process output,Has process output (SNOMED),"Links evidence, tests, variants, or clinical findings to support diagnostic reasoning. Example: [Cardiac rate] -> [Entire cardiac cycle process]",,
Attribute,Pharmaceutical,Has prod character,Has product characteristic (SNOMED),Qualifies physical drug delivery properties or dose forms.,,
Attribute,Measurement,Has property,Has property,"Defines metrics, scales, units, and quantitative properties of an observation. Example: [Abnormal lymphocyte count] -> [Number concentration]",,
Attribute,Measurement,Has property type,Has property type,"Defines metrics, scales, units, and quantitative properties of an observation. Example: [Non-invasive central blood pressure] -> [Pressure]",,
Attribute,Pharmaceutical,Has quantified form,Has quantified form (RxNorm),Qualifies physical drug delivery properties or dose forms. Example: [hepatitis B immune globulin 200 UNT/ML Injectable Solution] -> [1 ML hepatitis B immune globulin 200 UNT/ML Injectable Solution],Modifies a drug concept with a specific quantity/strength.,https://github.com/OHDSI/Vocabulary-v5.0/wiki/Vocab.-RXNORM_EXTENSION#result
Association,Administrative,Has question source,Has question source,"Operational link for system billing, metadata, dictionaries, or encounter tracking. Example: [Who do you know who has died? Please specify.] -> [Nurse’s Health Study COVID-19 supplement]",,
Association,Therapeutic,Has radiocjgt Rx,Has radioconjugate - RxNorm (HemOnc),"Links therapeutic interventions to clinical indications or contraindications. Example: [Busulfan, Fludarabine, Ibritumomab tiuxetan] -> [ibritumomab tiuxetan]",,https://hemonc.org/wiki/HemOncKB_canonical_triples
Association,Therapeutic,Has radiotherapy,Has radiotherapy (HemOnc),"Links therapeutic interventions to clinical indications or contraindications. Example: [Capecitabine, Erlotinib, RT] -> [External beam radiotherapy]",,https://hemonc.org/wiki/HemOncKB_canonical_triples
Association,Therapeutic,Has radiotherapy Rx,Has radiotherapy - RxNorm (HemOnc),Links therapeutic interventions to clinical indications or contraindications. Example: [Radioiodine and Selumetinib] -> [iodine],,https://hemonc.org/wiki/HemOncKB_canonical_triples
Composition,Physical,Has relative part,Has relative part (SNOMED),Physical material assembly or structural part-whole relationship. Example: [Toe brachial pressure index] -> [Structure of brachial artery],,
Attribute,Pharmaceutical,Has release charact,Has dose form release characteristic (SNOMED),Qualifies physical drug delivery properties or dose forms. Example: [Gas for insufflation] -> [Conventional release],,
Attribute,Clinical,Has revision status,Has revision status (SNOMED),"Qualifies clinical states, statuses (e.g., severity, intent, prescribing status), or general clinical indicators. Example: [Primary open reduction of fracture of short bone and fixation using screw] -> [Primary operation]",Revision status (attribute) refers to another procedure performed on the same site for the same condition. A procedure without a revision status is considered to be performed for the first time. ,https://docs.snomed.org/education/snomed-ct-education-editorial-guide/readme/authoring/domain-specific-modeling/procedure/procedure-defining-attributes/index#revision-status
Attribute,Context,Has role,Has role (LOINC),Specific situational modifier or contextual role. Example: [Attending COVID-19 Intubation Consultation note] -> [Attending],,https://github.com/OHDSI/Vocabulary-v5.0/wiki/Vocab.-LOINC#relationships
Composition,Structural,Has setting,Has setting (LOINC),Defines the inherent chemical constituents or dosage strength. Example: [Emergency department COVID-19 Initial Evaluation form] -> [Emergency department],,https://github.com/OHDSI/Vocabulary-v5.0/wiki/Vocab.-LOINC#relationships
Association,Diagnostic,Has specimen,Has specimen (SNOMED),"Links evidence, tests, variants, or clinical findings to support diagnostic reasoning. Example: [Microscopic examination of cervical Papanicolaou smear and Human papillomavirus deoxyribonucleic acid detection cotesting] -> [Specimen from female genital tract]",Indicates the type of specimen on which a measurement or observation is performed.,https://docs.snomed.org/education/snomed-ct-education-editorial-guide/readme/authoring/domain-specific-modeling/procedure/procedure-defining-attributes/evaluation-procedure-attributes#has-specimen
Association,Administrative,Has specimen source,Has specimen source identity (SNOMED),"Operational link for system billing, metadata, dictionaries, or encounter tracking. Example: [Specimen from domestic vacuum cleaner filter] -> [Filter]","Specifies the type of individual, group, or physical location from which a specimen is collected",https://docs.snomed.org/education/snomed-ct-education-editorial-guide/readme/authoring/domain-specific-modeling/specimen/specimen-defining-attributes#specimen-source-identity
Composition,Structural,Has specimen subst,Has specimen substance (SNOMED),Defines the inherent chemical constituents or dosage strength. Example: [Condiment] -> [Food],"Specifies the type of substance, pharmaceutical/biologic product, or physical object of which a specimen is comprised.",https://docs.snomed.org/education/snomed-ct-education-editorial-guide/readme/authoring/domain-specific-modeling/specimen/specimen-defining-attributes#specimen-substance
Identity,Near equivalence,Has standard brand,Has standard Brand Name (OMOP),"Links commercial or contextually similar entities (e.g., brand names, biosimilars, external maps).",,
Attribute,Pharmaceutical,Has state of matter,Has state of matter (SNOMED),Qualifies physical drug delivery properties or dose forms. Example: [Extended-release bead implant] -> [Solid],,
Attribute,Clinical,Has status,Has status,"Qualifies clinical states, statuses (e.g., severity, intent, prescribing status), or general clinical indicators. Example: [Hospital admission] -> [Primitive]",,
Attribute,Anatomical,Has surface texture,Has surface texture (SNOMED),"Spatial qualifier describing location, morphology, or extent. Example: [Saline-filled smooth breast implant] -> [Smooth]",Represents the tactile characteristic or appearance of the surface of an object.,https://docs.snomed.org/education/snomed-ct-education-editorial-guide/readme/authoring/domain-specific-modeling/physical-object/physical-object-defining-attributes#has-surface-texture
Attribute,Procedural,Has surgical appr,Has surgical approach (SNOMED),"Defines execution technicalities like route of administration, method, or device used. Example: [Cystourethroscopy with ureteral meatotomy] -> [Transurethral approach]",,
Association,Therapeutic,Has targeted tx Rx,Has targeted therapy - RxNorm (HemOnc),"Links therapeutic interventions to clinical indications or contraindications. Example: [Anastrozole, Lapatinib, Trastuzumab] -> [trastuzumab]",,https://hemonc.org/wiki/HemOncKB_canonical_triples
Association,Diagnostic,Has temp finding,Has temporal finding (SNOMED),Links diagnostic evidence or tests to a clinical concept/state. Example: [Self poisoning by carbon monoxide] -> [Suicide attempt by carbon monoxide inhalation],Applies to perioperative complications and clinical findings where there is no causal relationship but a time-relative association exists.,https://docs.snomed.org/education/snomed-ct-education-editorial-guide/readme/authoring/domain-specific-modeling/clinical-finding-and-disorder/clinical-finding-defining-attributes#temporally-related-to
Attribute,Temporal,Has time aspect,Has time aspect,"Qualifies clinical events by their timing, sequence, or duration. Example: [SARS-CoV-2 (COVID-19) Ab [Presence] in Serum or Plasma by Immunoassay] -> [Point in time (spot)]",,
Hierarchy,Categorical – up,Has Topic,Has Topic,Assigns a concept to a high-level grouping or classification chapter.,,
Attribute,Anatomical,Has Topography ICDO,Has Topography ICDO,"Spatial qualifier describing location, morphology, or extent. Example: [Carcinoma, metastatic, NOS, of lymph nodes of inguinal region or leg] -> [Lymph nodes of inguinal region or leg]",,
Identity,Near equivalence,Has trade family grp,Has trade family group (SNOMED),"Links commercial or contextually similar entities (e.g., brand names, biosimilars, external maps).",,
Identity,Near equivalence,Has tradename,Has tradename (RxNorm),"Links commercial or contextually similar entities (e.g., brand names, biosimilars, external maps). Example: [hepatitis B immune globulin 217 UNT/ML] -> [hepatitis B immune globulin 217 UNT/ML [Bayhep B]]",Reciprocal of Tradename of.,https://github.com/OHDSI/Vocabulary-v5.0/wiki/Vocab.-RXNORM_EXTENSION#result
Attribute,Pharmaceutical,Has transformation,Has dose form transformation (SNOMED),"A pharmaceutical dose-form attribute, matching the existing Dose form of/Has dose form family. Example: [Gas for insufflation] -> [No transformation]",,
Association,Administrative,Has type of service,Has type of service (LOINC),"Operational link for system billing, metadata, dictionaries, or encounter tracking. Example: [COVID-19 Intubation Consultation note] -> [COVID-19]",,https://github.com/OHDSI/Vocabulary-v5.0/wiki/Vocab.-LOINC#relationships
Attribute,Procedural,Has unit of admin,Has unit of administration (SNOMED),"Defines execution technicalities like route of administration, method, or device used.",,
Association,Administrative,Has unit of prod use,Has unit relating to the entity that can be handled (DM+D),"Operational link for system billing, metadata, dictionaries, or encounter tracking. Example: [Levothyroxine sodium 50 microgram oral tablet] -> [Tablet - unit of product usage]",,
Hierarchy,Categorical – up,Has vaccine group,Has vaccine group (CVX),"Assigns a concept to a high-level grouping or classification chapter. Example: [Anthrax vaccine, adsorbed, adjuvanted, post-exposure prophylaxis] -> [Anthrax vaccine, unspecified]",,
Attribute,Measurement,Has Value,Has Value,"Defines metrics, scales, units, and quantitative properties of an observation. Example: [Cancer code, self-reported] -> [salivary gland cancer]",,
Association,Administrative,HCPCS - SNOMED meas,HCPCS is a SNOMED measurement (OMOP),"Operational link for system billing, metadata, dictionaries, or encounter tracking.",,
Association,Therapeutic,ICD9CM - FDB Ind,ICD-9-CM to FDB Indication/Contraindication (FDB),Links therapeutic interventions to clinical indications or contraindications.,,
Identity,Version lineage,ICD9P replaced by,Concept replaced by (ICD-9-Procedure),Handles lifecycle transitions and deprecated concept history.,,
Identity,Version lineage,ICD9P replaces,Concept replaces (ICD-9-Procedure),Handles lifecycle transitions and deprecated concept history.,,
Association,Therapeutic,Immunosuppressor of,Immunosuppressor of (HemOnc),Links therapeutic interventions to clinical indications or contraindications. Example: [Belumosudil] -> [Belumosudil monotherapy],,https://hemonc.org/wiki/HemOncKB_canonical_triples
Association,Therapeutic,Immunotherapy of,Immunotherapy of (HemOnc),Links therapeutic interventions to clinical indications or contraindications. Example: [Brexucabtagene autoleucel] -> [Brexucabtagene autoleucel monotherapy],,https://hemonc.org/wiki/HemOncKB_canonical_triples
Association,Therapeutic,Ind/CI - SNOMED,Indication/Contra-indication to SNOMED,"Links therapeutic interventions to clinical indications or contraindications. Example: [Acidosis, Renal Tubular] -> [Renal tubular acidosis]",,
Attribute,Procedural,Indir device of,Indirect device of (SNOMED),"Defines execution technicalities like route of administration, method, or device used. Example: [Stoma bag] -> [Emptying colostomy bag]","Indirect device (attribute) represents action on something that is located in or on a device, but is not directly on the device itself. This attribute is infrequently needed. When modeling, carefully consider its use.",https://docs.snomed.org/education/snomed-ct-education-editorial-guide/readme/authoring/domain-specific-modeling/procedure/procedure-defining-attributes/index#indirect-device
Attribute,Context,Inheres in,Inheres in (SNOMED),Specific situational modifier or contextual role. Example: [Recumbent body height] -> [Entire body as a whole],Specifies the independent continuant in which the quality exists and on which the dependent quality (of this observable) depends.,https://docs.snomed.org/education/snomed-ct-education-editorial-guide/readme/authoring/domain-specific-modeling/observable-entity/observable-entity-defining-attributes#inheres-in
Attribute,Clinical,Intent of,Intent of (SNOMED),"Qualifies clinical states, statuses (e.g., severity, intent, prescribing status), or general clinical indicators. Example: [Treatment intent] -> [CT guided drainage of abscess]","The Has intent attribute is used when a procedure may be performed for various reasons, described with subtypes of 363675004 |Intents (nature of procedure values) (qualifier value)|, such as diagnostic, palliative, preventive, therapeutic, etc. These intents are not used to define procedures with intents that are inherent to the procedure; such as biopsies that are by definition diagnostic, or fracture fixations which are always therapeutic.",https://docs.snomed.org/education/snomed-ct-education-editorial-guide/readme/authoring/domain-specific-modeling/procedure/procedure-defining-attributes/index#has-intent
Association,Interaction,Interprets of,Interprets of (SNOMED),Defines safety or therapeutic interference between agents. Example: [Ability to participate in outdoor sporting activities] -> [Does participate in outdoor sporting activities],"Refers to the entity being evaluated or interpreted, when an evaluation, interpretation, or judgment is intrinsic to the meaning of a concept.",https://docs.snomed.org/education/snomed-ct-education-editorial-guide/readme/authoring/domain-specific-modeling/clinical-finding-and-disorder/clinical-finding-defining-attributes#interprets
Association,Therapeutic,Investig use for,Investigational use for (HemOnc),Links therapeutic interventions to clinical indications or contraindications. Example: [High-grade glioma pediatric] -> [Tasadenoturev],,
Attribute,Clinical,Is characterized by,Is characterized by (SNOMED),"Qualifies clinical states, statuses (e.g., severity, intent, prescribing status), or general clinical indicators. Example: [Direct local invasion] -> [Anatomic location directly invaded by primary malignant neoplasm of adrenal gland]","Specifies the process which the property describes, and on which the property (of this observable) depends",https://docs.snomed.org/education/snomed-ct-education-editorial-guide/readme/authoring/domain-specific-modeling/observable-entity/observable-entity-defining-attributes#characterizes
Association,Therapeutic,Is curr in adult,Is current in adult (HemOnc),Links therapeutic interventions to clinical indications or contraindications. Example: [AC-D] -> [Breast cancer],,
Association,Therapeutic,Is curr in ped,Is current in pediatric (HemOnc),"Links therapeutic interventions to clinical indications or contraindications. Example: [Doxorubicin, Pegaspargase, Vincristine, Prednisone] -> [B-cell acute lymphoblastic leukemia pediatric]",,
Hierarchy,Categorical – up,Is domain,Is a domain (OMOP),Assigns a concept to a high-level grouping or classification chapter.,,
Association,Therapeutic,Is off-label ind of,Is off-label indication of (FDB),Links therapeutic interventions to clinical indications or contraindications.,,
Association,Mechanistic,Is translated from,Protein is translated from mRNA,Links substances to functional biological pathways or mechanisms. Example: [EGFR protein: Deletion in position 746 to 751] -> [EGFR transcript: [Deletion in position 2235 to 2252; Substitution in position 2256 of T replaced by A]],,
Hierarchy,Categorical – up,Issue of,Issue of,Assigns a concept to a high-level grouping or classification chapter. Example: [feeling thirsty] -> [Did you feel thirsty?],,
Attribute,Pharmaceutical,Marketed form of,Marketed form of (OMOP),Qualifies physical drug delivery properties or dose forms. Example: [pyridoxine 100 MG/ML Injection by Hospira] -> [pyridoxine 100 MG/ML Injection],Marketed form of the drug.,https://github.com/OHDSI/Vocabulary-v5.0/wiki/Vocab.-RXNORM_EXTENSION#result
Attribute,Procedural,May be route of,May be route of (HemOnc),"Defines execution technicalities like route of administration, method, or device used. Example: [Intra-arterial] -> [Doxorubicin]",,
Association,Therapeutic,May prevent,May prevent (NDF-RT),"Links therapeutic interventions to clinical indications or contraindications. Example: [HYDROGEN PEROXIDE 3% SPRAY,TOP] -> [Skin Diseases, Infectious]",,
Attribute,Measurement,Measurement of,Measurement method of (SNOMED),"Defines metrics, scales, units, and quantitative properties of an observation. Example: [Immunoblot assay] -> [Measurement of microbial antibody using immunoblot]",,
Composition,Logical,MedDRA - HOI,MedDRA contained in HOI (OMOP),"Conceptual grouping/aggregation of entities (e.g., Q&A, HOI, SMQ, Schema).",,
Association,Mapping,MedDRA - ICD9CM,MedDRA to ICD-9-CM (MSSO),"This bridges adverse-event terminology (MedDRA) and diagnosis codes (ICD9CM), two systems built for different purposes and at different granularity. It is a lossy cross-vocabulary mapping, not a guaranteed 1:1 correspondence.",,
Composition,Logical,MedDRA - SMQ,MedDRA contained in SMQ (MedDRA),"Conceptual grouping/aggregation of entities (e.g., Q&A, HOI, SMQ, Schema).",,
Attribute,Procedural,Method of,Method of,"Defines execution technicalities like route of administration, method, or device used. Example: [Surgical rotation - action] -> [Rotational osteotomy of metatarsal]",,
Composition,Structural,Multilex ing of,Ingredient of (Multilex),Defines the inherent chemical constituents or dosage strength.,,
Identity,Exact equivalence,NDFRT - VAProd,NDF-RT to VA Product (NDF-RT),Direct semantic identity or mapping rule across different vocabularies.,,
Attribute,Pharmaceutical,NDFRT dose form of,Dose form of (NDF-RT),"Qualifies physical drug delivery properties or dose forms. Example: [Vaginal Film] -> [NONOXYNOL-9 28% FILM,VAG]",,
Attribute,Temporal,Occurs before,Occurs before (SNOMED),"Qualifies clinical events by their timing, sequence, or duration. Example: [Sickle cell-hemoglobin SS disease] -> [Acute chest syndrome]",,
Hierarchy,Taxonomic – up,OncoTree to ICDO br,OncoTree to ICDO broader,"Inheritance link generalizing to a broader parent. Example: [Lymphoid] -> [Neoplasm defined only by topography: Hematopoietic system, NOS]",,
Attribute,Pharmaceutical,Ontological form of,Ontological dose form presentation of (DM+D),Qualifies physical drug delivery properties or dose forms.,,
Hierarchy,Categorical – up,Parent item of,Parent item of (NAACCR),Assigns a concept to a high-level grouping or classification chapter. Example: [Phase III Radiation Treatment Modality] -> [Number of Phases of Rad Treatment to this Volume],,
Composition,Physical,Part of,Part of (SNOMED),Physical material assembly or structural part-whole relationship. Example: [Chromosome pair 9] -> [neurotrophic receptor tyrosine kinase 2 nucleotide sequence],,
Association,Causal,Pathology of,Pathological process of (SNOMED),"Relates conditions to their biological, pathological, or environmental causes. Example: [Contracture of joint] -> [At increased risk for joint contracture]",,
Association,Therapeutic,Pept-drug cjgt of,Peptide-drug conjugate of (HemOnc),Links therapeutic interventions to clinical indications or contraindications. Example: [Melphalan flufenamide] -> [Melphalan flufenamide and Dexamethasone],,https://hemonc.org/wiki/HemOncKB_canonical_triples
Attribute,Context,Plays role,Plays role,Specific situational modifier or contextual role. Example: [SARS-CoV-2 antigen vaccine] -> [Active immunity stimulant role],,
Attribute,Clinical,Priority of,Priority of (SNOMED),"Qualifies clinical states, statuses (e.g., severity, intent, prescribing status), or general clinical indicators. Example: [Elective] -> [Elective repair of suprarenal abdominal aortic aneurysm]",Priority (attribute) is used when a procedure concept specifies a priority. This attribute is self-grouped.,https://docs.snomed.org/education/snomed-ct-education-editorial-guide/readme/authoring/domain-specific-modeling/procedure/procedure-defining-attributes/index#priority
Association,Diagnostic,Process acts on,Process acts on (SNOMED),"Links evidence, tests, variants, or clinical findings to support diagnostic reasoning. Example: [Measured quantity of intake of potassium in 24 hours] -> [Potassium]","Describes that a process specifically acts on some entity, e.g. by transporting that entity in or out of the body, i.e. Rate of intake of protein.",https://docs.snomed.org/education/snomed-ct-education-editorial-guide/readme/authoring/domain-specific-modeling/observable-entity/observable-entity-defining-attributes#process-acts-on
Association,Diagnostic,Process output of,Process output of (SNOMED),"Links evidence, tests, variants, or clinical findings to support diagnostic reasoning. Example: [Medical food] -> [Method of administration for tube feeding of patient]",,
Attribute,Pharmaceutical,Prod character of,Product characteristic of (SNOMED),Qualifies physical drug delivery properties or dose forms.,,
Composition,Physical,Product comp of,Product component of (NDF-RT),Physical material assembly or structural part-whole relationship. Example: [IXEKIZUMAB] -> [IXEKIZUMAB 80MG/ML AUTO INJECTOR],,
Composition,Structural,Reformulation of,Reformulation of (RxNorm),"Links a reformulated drug to its earlier formulation. This is a substance or modified-form relationship, in the same family as Modification of.",,
Attribute,Clinical,Revision status of,Revision status of (SNOMED),"Qualifies clinical states, statuses (e.g., severity, intent, prescribing status), or general clinical indicators. Example: [First revision] -> [Revision of lumboperitoneal shunt]",Revision status (attribute) refers to another procedure performed on the same site for the same condition. A procedure without a revision status is considered to be performed for the first time. ,
Association,Therapeutic,Rx radiotherapy of,RxNorm radiotherapy of (HemOnc),Links therapeutic interventions to clinical indications or contraindications. Example: [vipivotide tetraxetan] -> [Lutetium Lu 177 vipivotide tetraxetan monotherapy],,https://hemonc.org/wiki/HemOncKB_canonical_triples
Hierarchy,Categorical – up,RxNorm - ATC pr up,RxNorm/Extension to ATC primary upwards (OMOP),"Structural map rolling an RxNorm ingredient up to a broader ATC class. Example: [meningococcal group A polysaccharide] -> [meningococcus A,C,Y,W-135, tetravalent purified polysaccharides antigen; systemic]","Connects the 1st Ingredient Group of a Multicomponent ATC Class to respective Rx/RxE Ingredients
Applied to a Multicomponent ATC Class, whose name starts either from an Ingredient Group or the word of ‘^combinations’, or contains only one Ingredient Group, which is mentioned somewhere in the middle
Can be used for well-defined but diverse group of ingredients (e.g. diastase, tree pollen, feather)",https://github.com/OHDSI/Vocabulary-v5.0/wiki/Vocab.-ATC#other-information
Association,Therapeutic,RxNorm - ETC,RxNorm to ETC (FDB),Links therapeutic interventions to clinical indications or contraindications.,,
Identity,Exact equivalence,RxNorm - NDFRT name,RxNorm to NDF-RT equivalent by concept_name (OMOP),"Explicitly tagged as equivalent, representing exact semantic identity. Example: [antithrombin III] -> [ANTITHROMBIN III]",,
Composition,Structural,Setting of,Setting of (LOINC),Defines the inherent chemical constituents or dosage strength. Example: [Teleimaging] -> [Ophthalmology Teleimaging Consult note],,https://github.com/OHDSI/Vocabulary-v5.0/wiki/Vocab.-LOINC#relationships
Association,Mapping,SNOMED - ICDO,SNOMED - ICDO,"ICDO is a coarse topography and morphology coding system for cancer registries, while SNOMED is fine-grained clinical terminology. This is a lossy cross-vocabulary mapping, the same shape as OPCS4-SNOMED, not a guaranteed 1:1 correspondence.",,
Association,Therapeutic,SNOMED - ind/CI,SNOMED to Indication/Contra-indication,Links therapeutic interventions to clinical indications or contraindications. Example: [Edema of larynx] -> [Laryngeal Edema],,https://github.com/OHDSI/Vocabulary-v5.0/wiki/Vocab.-SNOMED#equivalent-and-categorical-relationships
Association,Administrative,SNOMED meas - HCPCS,SNOMED measurement subsumes HCPCS (OMOP),"Operational link for system billing, metadata, dictionaries, or encounter tracking.",,
Association,Diagnostic,Specimen identity of,Specimen source identity of (SNOMED),"Links evidence, tests, variants, or clinical findings to support diagnostic reasoning. Example: [Surgical suture, device] -> [Suture material submitted as specimen]","Specifies the type of individual, group, or physical location from which a specimen is collected",https://docs.snomed.org/education/snomed-ct-education-editorial-guide/readme/authoring/domain-specific-modeling/specimen/specimen-defining-attributes#specimen-source-identity
Association,Diagnostic,Specimen proc of,Specimen procedure of (SNOMED),"Links evidence, tests, variants, or clinical findings to support diagnostic reasoning. Example: [Cervicovaginal lavage] -> [Cervicovaginal washout fluid sample]",Identifies the procedure by which a specimen is obtained.,https://docs.snomed.org/education/snomed-ct-education-editorial-guide/readme/authoring/domain-specific-modeling/specimen/specimen-defining-attributes#specimen-procedure
Composition,Structural,Specimen subst of,Specimen substance of (SNOMED),Defines the inherent chemical constituents or dosage strength. Example: [Salsa] -> [Salsa specimen],"Specifies the type of substance, pharmaceutical/biologic product, or physical object of which a specimen is comprised.",https://docs.snomed.org/education/snomed-ct-education-editorial-guide/readme/authoring/domain-specific-modeling/specimen/specimen-defining-attributes#specimen-substance
Association,Therapeutic,SPL - RxNorm,SPL to RxNorm (NLM),Links therapeutic interventions to clinical indications or contraindications. Example: [BLEOMYCIN - bleomycin injection] -> [bleomycin sulfate],,
Attribute,Pharmaceutical,State of matter of,State of matter of (SNOMED),Qualifies physical drug delivery properties or dose forms. Example: [Solid] -> [Lyophilisate],,
Attribute,Clinical,Status of,Status of,"Qualifies clinical states, statuses (e.g., severity, intent, prescribing status), or general clinical indicators. Example: [Defined] -> [Neoplasm of uncertain behavior of muscle of head]",,
Association,Diagnostic,Sub-specimen of,Sub-specimen of (SNOMED Vet),"Links evidence, tests, variants, or clinical findings to support diagnostic reasoning. Example: [Throat swab] -> [Pooled cloacal/pharyngeal swab]",,
Attribute,Context,Subject of,Subject of (SNOMED),Specific situational modifier or contextual role. Example: [Doxycycline-containing product] -> [Organism susceptibility to doxycycline],,https://github.com/OHDSI/Vocabulary-v5.0/wiki/Vocab.-LOINC#relationships
Association,Administrative,Supplier of,Supplier or manufacturer of (OMOP),"Operational link for system billing, metadata, dictionaries, or encounter tracking. Example: [HM3A] -> [60 ACTUAT fluticasone 0.5 MG/ACTUAT / salmeterol 0.05 MG/ACTUAT Inhalation Powder [Flusalio] by HM3A]",,https://github.com/OHDSI/Vocabulary-v5.0/wiki/Vocab.-LOINC#relationships
Association,Therapeutic,Supportive med of,Supportive medication of (HemOnc),Links therapeutic interventions to clinical indications or contraindications. Example: [Voxelotor] -> [Voxelotor monotherapy],,https://hemonc.org/wiki/HemOncKB_canonical_triples
Attribute,Anatomical,Surface texture of,Surface texture of (SNOMED),"Spatial qualifier describing location, morphology, or extent. Example: [Textured] -> [Saline-filled textured breast implant]",Represents the tactile characteristic or appearance of the surface of an object.,https://docs.snomed.org/education/snomed-ct-education-editorial-guide/readme/authoring/domain-specific-modeling/physical-object/physical-object-defining-attributes#has-surface-texture
Attribute,Procedural,Surgical appr of,Surgical approach of (SNOMED),"Defines execution technicalities like route of administration, method, or device used. Example: [Endonasal transsphenoidal approach] -> [Endoscopic endonasal transsphenoidal total excision of neoplasm of pituitary gland]",,
Attribute,Anatomical,System of,System of,"Spatial qualifier describing location, morphology, or extent. Example: [^{Subject}] -> [Hepatic artery anatomy]",,
Association,Therapeutic,Targeted therapy of,Targeted therapy of (HemOnc),Links therapeutic interventions to clinical indications or contraindications. Example: [Voxelotor] -> [Hydroxyurea and Voxelotor],,https://hemonc.org/wiki/HemOncKB_canonical_triples
Attribute,Procedural,Technique of,Technique of (SNOMED),"Defines execution technicalities like route of administration, method, or device used. Example: [Personal Wellbeing Score rating scale] -> [Personal Wellbeing Score rating - I was happy yesterday]",Specify the systematic method of an observation.,https://docs.snomed.org/education/snomed-ct-education-editorial-guide/readme/authoring/domain-specific-modeling/observable-entity/observable-entity-defining-attributes#technique
Attribute,Temporal,Temp related to,Temporally related to (SNOMED),"Qualifies clinical events by their timing, sequence, or duration. Example: [Orthostatic proteinuria] -> [Orthostatic body position]", Applies to perioperative complications and clinical findings where there is no causal relationship but a time-relative association exists.,https://docs.snomed.org/education/snomed-ct-education-editorial-guide/readme/authoring/domain-specific-modeling/clinical-finding-and-disorder/clinical-finding-defining-attributes#temporally-related-to
Attribute,Temporal,Time aspect of,Time aspect of,"Qualifies clinical events by their timing, sequence, or duration. Example: [100D] -> [Did the patient have major surgery during the 100 days prior to admission [CMS Assessment]]",,
Hierarchy,Categorical – up,Topic of,Topic of,Assigns a concept to a high-level grouping or classification chapter.,,
Attribute,Anatomical,Topography of ICDO,Topography of ICDO,"Spatial qualifier describing location, morphology, or extent. Example: [Overlapping lesion of connective, subcutaneous and other soft tissues] -> [Chordoma, NOS, of overlapping lesion of connective, subcutaneous and other soft tissues]",,
Attribute,Context,Towards,Towards (SNOMED),Specific situational modifier or contextual role. Example: [Antimicrobial susceptibility of organism by matrix assisted laser desorption ionization time of flight mass spectrometry] -> [Anti-infective agent],"Specify a disposition, what the disposition is towards, i.e. a specific triggering agent, or more generally, participant in the realization of the disposition.",https://docs.snomed.org/education/snomed-ct-education-editorial-guide/readme/authoring/domain-specific-modeling/observable-entity/observable-entity-defining-attributes#towards
Attribute,Pharmaceutical,Transformation of,Dose form transformation of (SNOMED),"A pharmaceutical dose-form attribute, matching the existing Dose form of/Has dose form family. Example: [Disperse] -> [Granules for gastro-resistant oral suspension]",,
Association,Administrative,Typ bill3 - Typ bill,Typ bill 3 digits to Typ bill Full (UB04),"Operational link for system billing, metadata, dictionaries, or encounter tracking.",,
Identity,Version lineage,UCUM replaced by,Concept replaced by (UCUM),Handles lifecycle transitions and deprecated concept history.,,https://github.com/OHDSI/Vocabulary-v5.0/wiki/Vocab.-LOINC#relationships
Attribute,Procedural,Unit of admin of,Unit of administration of (SNOMED),"Defines execution technicalities like route of administration, method, or device used.",,
Attribute,Procedural,Using device,Using device (SNOMED),"Defines execution technicalities like route of administration, method, or device used. Example: [Primary open reduction of fracture of short bone and fixation using screw] -> [Bone screw]","Using device (attribute) refers to the instrument or equipment utilized to execute an action. It is used when the device is actually used to carry out the action, that is the focus of the procedure. ",https://docs.snomed.org/education/snomed-ct-education-editorial-guide/readme/authoring/domain-specific-modeling/procedure/procedure-defining-attributes/index#using-device
Attribute,Temporal,Variable has date,Variable has date (NAACCR),"Qualifies clinical events by their timing, sequence, or duration.",,
Composition,Logical,Variable to Schema,Variable to Schema (NAACCR),"Conceptual grouping/aggregation of entities (e.g., Q&A, HOI, SMQ, Schema). Example: [Regional Nodes Positive] -> [Anterior 2/3 of Tongue, Tip, Border, and Tongue, NOS (excluding Malignant Melanoma)]",,
Association,Diagnostic,Variant of,Variant refer to concept,"Links evidence, tests, variants, or clinical findings to support diagnostic reasoning. Example: [BCR::ABL1 gene fusion measurement] -> [B lymphoblastic leukemia lymphoma with t(9:22) (q34;q11.2); BCR-ABL 1]",,
Composition,Logical,Version contains,OMOP CDM Version contains table/field (OMOP),"Conceptual grouping/aggregation of entities (e.g., Q&A, HOI, SMQ, Schema). Example: [OMOP CDM Version 5.4.2] -> [condition_era.condition_concept_id]",,
Association,Administrative,Visit cat - PoS,Visit category to Place of Service (OMOP),"Operational link for system billing, metadata, dictionaries, or encounter tracking.",,
Attribute,Pharmaceutical,VMP has prescr stat,VMP has prescribing status (SNOMED),Qualifies physical drug delivery properties or dose forms.,,
Attribute,Pharmaceutical,VMP of,Virtual Medicinal Product of (SNOMED),Qualifies physical drug delivery properties or dose forms.,,
Attribute,Pharmaceutical,VMP prescr stat of,VMP prescribing status of (SNOMED),Qualifies physical drug delivery properties or dose forms.,,
Attribute,Pharmaceutical,VRP has prescr stat,VRP has prescribing status (SNOMED),Qualifies physical drug delivery properties or dose forms.,,
Attribute,Pharmaceutical,VRP of,VRP of (SNOMED),Qualifies physical drug delivery properties or dose forms.,,
Attribute,Pharmaceutical,VRP prescr stat of,VRP prescribing status of (SNOMED),Qualifies physical drug delivery properties or dose forms.,,
